{
  "qat_auc": [
    0.9850370481438442
  ],
  "quantized_auc": [
    0.9850370481438442
  ]
}