{
  "title": "QAT Model Loss",
  "x": [
    1,
    2,
    3,
    4,
    5,
    6,
    7,
    8,
    9,
    10,
    11,
    12,
    13,
    14,
    15,
    16,
    17,
    18,
    19,
    20,
    21,
    22,
    23,
    24,
    25,
    26,
    27,
    28,
    29,
    30,
    31,
    32,
    33,
    34,
    35,
    36,
    37,
    38,
    39,
    40,
    41,
    42,
    43,
    44,
    45,
    46,
    47,
    48,
    49,
    50,
    51,
    52,
    53,
    54,
    55,
    56,
    57,
    58,
    59,
    60,
    61
  ],
  "y": [
    0.4978199005126953,
    0.6614246368408203,
    0.6235904693603516,
    0.5886478424072266,
    0.4802613854408264,
    0.5239456295967102,
    0.42250943183898926,
    0.29526287317276,
    0.44337353110313416,
    0.26087629795074463,
    0.4332764744758606,
    0.29985690116882324,
    0.31491148471832275,
    0.3400977551937103,
    0.23198044300079346,
    0.23851968348026276,
    0.2189856767654419,
    0.1293070912361145,
    0.15614812076091766,
    0.10405035316944122,
    0.09652325510978699,
    0.20153214037418365,
    0.1111457422375679,
    0.0880604088306427,
    0.15411947667598724,
    0.08404256403446198,
    0.05322103947401047,
    0.12326584756374359,
    0.13769873976707458,
    0.05769740417599678,
    0.028302131220698357,
    0.03176001459360123,
    0.02927480638027191,
    0.019068732857704163,
    0.12274819612503052,
    0.14701388776302338,
    0.09117197245359421,
    0.11480109393596649,
    0.010978708043694496,
    0.11197536438703537,
    0.13614006340503693,
    0.11564377695322037,
    0.18317748606204987,
    0.044333189725875854,
    0.06474317610263824,
    0.07266829907894135,
    0.0927218645811081,
    0.05237353965640068,
    0.036871396005153656,
    0.10211725533008575,
    0.02775992639362812,
    0.061470821499824524,
    0.23165860772132874,
    0.04759133234620094,
    0.03594309836626053,
    0.019032392650842667,
    0.10266382992267609,
    0.08074215799570084,
    0.18930774927139282,
    0.04646698385477066,
    0.15350598096847534
  ]
}