{
  "qat_train": 7.117254280001362,
  "qat_infer": 1.1811958340003912,
  "quantized_infer": 0.790048343998933
}