{
  "qat_auc": [
    0.8648086366532969,
    0.8970211543027078
  ],
  "quantized_auc": [
    0.8622315102897626,
    0.895687296172733
  ]
}