{
  "title": "QAT Model Loss",
  "x": [
    1,
    2,
    3,
    4,
    5,
    6,
    7,
    8,
    9,
    10,
    11,
    12,
    13,
    14,
    15,
    16,
    17,
    18,
    19,
    20,
    21,
    22,
    23,
    24,
    25,
    26,
    27,
    28,
    29,
    30,
    31,
    32,
    33,
    34,
    35,
    36,
    37,
    38,
    39,
    40,
    41,
    42,
    43,
    44,
    45,
    46,
    47,
    48,
    49,
    50,
    51,
    52,
    53,
    54,
    55,
    56,
    57,
    58,
    59,
    60,
    61,
    62,
    63,
    64,
    65,
    66,
    67,
    68,
    69,
    70,
    71,
    72,
    73,
    74,
    75,
    76,
    77,
    78,
    79,
    80,
    81,
    82,
    83,
    84,
    85,
    86,
    87,
    88,
    89,
    90,
    91,
    92,
    93,
    94,
    95,
    96,
    97,
    98,
    99,
    100,
    101,
    102,
    103,
    104,
    105,
    106,
    107,
    108,
    109,
    110,
    111,
    112,
    113,
    114,
    115,
    116,
    117,
    118,
    119,
    120,
    121,
    122
  ],
  "y": [
    0.3180030286312103,
    0.39199721813201904,
    0.39361605048179626,
    0.3436729311943054,
    0.5123233795166016,
    0.3890400528907776,
    0.3693510890007019,
    0.590314507484436,
    0.36966317892074585,
    0.4282434582710266,
    0.4419325590133667,
    0.4038509726524353,
    0.35778290033340454,
    0.4310609698295593,
    0.26756447553634644,
    0.41851162910461426,
    0.36948513984680176,
    0.29106566309928894,
    0.43173056840896606,
    0.33369600772857666,
    0.44368430972099304,
    0.4212763011455536,
    0.32748889923095703,
    0.2682019770145416,
    0.4107820987701416,
    0.25098711252212524,
    0.3836733400821686,
    0.30571866035461426,
    0.519470751285553,
    0.4070163667201996,
    0.34021443128585815,
    0.2603038549423218,
    0.44685766100883484,
    0.3137038052082062,
    0.36965256929397583,
    0.3010818362236023,
    0.44743669033050537,
    0.4421754479408264,
    0.49733102321624756,
    0.33127620816230774,
    0.3763471245765686,
    0.4242718815803528,
    0.35554906725883484,
    0.30626600980758667,
    0.26890233159065247,
    0.40690362453460693,
    0.2700049877166748,
    0.2400238960981369,
    0.2861814498901367,
    0.4186103343963623,
    0.4079718291759491,
    0.23802152276039124,
    0.261028528213501,
    0.2985602021217346,
    0.3442530930042267,
    0.3751543164253235,
    0.34020909667015076,
    0.2740665674209595,
    0.3165957033634186,
    0.3627541661262512,
    0.394283264875412,
    0.26169270277023315,
    0.25136709213256836,
    0.23712998628616333,
    0.3768358826637268,
    0.314400315284729,
    0.30734193325042725,
    0.23454886674880981,
    0.2653075158596039,
    0.3103925883769989,
    0.24953946471214294,
    0.2969355583190918,
    0.3664817810058594,
    0.21518981456756592,
    0.3433460593223572,
    0.24360549449920654,
    0.3424570560455322,
    0.22359010577201843,
    0.1921466737985611,
    0.3659518361091614,
    0.2709161043167114,
    0.3304339647293091,
    0.2412523329257965,
    0.33334094285964966,
    0.33086520433425903,
    0.3522694706916809,
    0.32133787870407104,
    0.3042665719985962,
    0.29697996377944946,
    0.20357802510261536,
    0.3586706519126892,
    0.3643508851528168,
    0.3816947340965271,
    0.2234392613172531,
    0.3314845561981201,
    0.3031231164932251,
    0.20491807162761688,
    0.2507743537425995,
    0.2518640160560608,
    0.2898108661174774,
    0.3879830539226532,
    0.19940325617790222,
    0.3093089759349823,
    0.3614814877510071,
    0.28383827209472656,
    0.21484509110450745,
    0.20577876269817352,
    0.23174631595611572,
    0.2862827777862549,
    0.2481786012649536,
    0.2966445982456207,
    0.4009063243865967,
    0.1641586571931839,
    0.25004342198371887,
    0.1957891881465912,
    0.24504756927490234,
    0.22722990810871124,
    0.30732375383377075,
    0.3020334839820862,
    0.286734402179718,
    0.2420366108417511,
    0.2997141182422638
  ]
}