{
  "qat_train": 11.121345261999522,
  "qat_infer": 2.030899898996722,
  "quantized_infer": 2.2955260280032235
}