{
  "title": "Base Model Loss",
  "x": [
    1,
    2,
    3,
    4,
    5,
    6,
    7,
    8,
    9,
    10,
    11,
    12,
    13,
    14,
    15,
    16,
    17,
    18,
    19,
    20,
    21,
    22,
    23,
    24,
    25,
    26,
    27,
    28,
    29,
    30,
    31,
    32,
    33,
    34,
    35,
    36,
    37,
    38,
    39,
    40,
    41,
    42,
    43,
    44,
    45,
    46,
    47,
    48,
    49,
    50,
    51,
    52,
    53,
    54,
    55,
    56,
    57,
    58,
    59,
    60,
    61
  ],
  "y": [
    0.7078325152397156,
    0.708269476890564,
    0.7000429034233093,
    0.7021273374557495,
    0.68115234375,
    0.6824254989624023,
    0.6702027320861816,
    0.6735005378723145,
    0.6517188549041748,
    0.6355880498886108,
    0.6336424946784973,
    0.6469594836235046,
    0.6230258345603943,
    0.5917646884918213,
    0.6145200729370117,
    0.5916844606399536,
    0.5607001185417175,
    0.5569450259208679,
    0.5343531966209412,
    0.5624444484710693,
    0.5295429229736328,
    0.5140802264213562,
    0.5243898034095764,
    0.52202969789505,
    0.4677225947380066,
    0.448749303817749,
    0.5021843910217285,
    0.43093305826187134,
    0.48385095596313477,
    0.4283972978591919,
    0.4226362705230713,
    0.596386194229126,
    0.506207287311554,
    0.4772629141807556,
    0.4837037920951843,
    0.40303459763526917,
    0.4596642851829529,
    0.43019190430641174,
    0.5138042569160461,
    0.4983772337436676,
    0.5212282538414001,
    0.4389849007129669,
    0.5550342202186584,
    0.5195860862731934,
    0.5467175245285034,
    0.43772369623184204,
    0.4209742546081543,
    0.44804051518440247,
    0.3785795569419861,
    0.4366234242916107,
    0.4125177264213562,
    0.4394948482513428,
    0.5093958973884583,
    0.4161957800388336,
    0.41422924399375916,
    0.4693692922592163,
    0.511994481086731,
    0.3830057382583618,
    0.4084089398384094,
    0.4928038418292999,
    0.4047313332557678
  ]
}