{
  "train": 3.4025442649981414,
  "infer": 0.46818726800120203
}