{
  "qat_auc": [
    0.991047219202559,
    0.9921655358548562
  ],
  "quantized_auc": [
    0.9912002848896052,
    0.9921967737501718
  ]
}