{
  "title": "QAT Model Loss",
  "x": [
    1,
    2,
    3,
    4,
    5,
    6,
    7,
    8,
    9,
    10,
    11,
    12,
    13,
    14,
    15,
    16,
    17,
    18,
    19,
    20,
    21,
    22,
    23,
    24,
    25,
    26,
    27,
    28,
    29,
    30,
    31,
    32,
    33,
    34,
    35,
    36,
    37,
    38,
    39,
    40,
    41,
    42,
    43,
    44,
    45,
    46,
    47,
    48,
    49,
    50,
    51,
    52,
    53,
    54,
    55,
    56,
    57,
    58,
    59,
    60,
    61,
    62,
    63,
    64,
    65,
    66,
    67,
    68,
    69,
    70,
    71,
    72,
    73,
    74,
    75,
    76,
    77,
    78,
    79,
    80,
    81,
    82,
    83,
    84,
    85,
    86,
    87,
    88,
    89,
    90,
    91,
    92,
    93,
    94,
    95,
    96,
    97,
    98,
    99,
    100,
    101,
    102,
    103,
    104,
    105,
    106,
    107,
    108,
    109,
    110,
    111,
    112,
    113,
    114,
    115,
    116,
    117,
    118,
    119,
    120,
    121,
    122
  ],
  "y": [
    0.522830069065094,
    0.506939709186554,
    0.42268964648246765,
    0.32493531703948975,
    0.3433842658996582,
    0.2942497730255127,
    0.23337753117084503,
    0.21906322240829468,
    0.3516993522644043,
    0.13401298224925995,
    0.11277283728122711,
    0.19575262069702148,
    0.264665424823761,
    0.14805567264556885,
    0.26490318775177,
    0.171311154961586,
    0.12282507121562958,
    0.23833982646465302,
    0.16707247495651245,
    0.07681812345981598,
    0.09467031061649323,
    0.11887406557798386,
    0.045752909034490585,
    0.11780866980552673,
    0.13681334257125854,
    0.05372438207268715,
    0.169220432639122,
    0.03531322255730629,
    0.09542511403560638,
    0.16894473135471344,
    0.1046503409743309,
    0.08109500259160995,
    0.053356289863586426,
    0.07627846300601959,
    0.051401637494564056,
    0.038732439279556274,
    0.18157216906547546,
    0.04858244210481644,
    0.06848043203353882,
    0.00817892886698246,
    0.05139809846878052,
    0.14130809903144836,
    0.029650084674358368,
    0.032467201352119446,
    0.04630034416913986,
    0.12559032440185547,
    0.04037729650735855,
    0.10002005100250244,
    0.012938597239553928,
    0.01240849494934082,
    0.2041333019733429,
    0.01583963818848133,
    0.08375759422779083,
    0.013169566169381142,
    0.045550405979156494,
    0.11179716140031815,
    0.21074163913726807,
    0.0545257106423378,
    0.04321543872356415,
    0.05436822772026062,
    0.04783713072538376,
    0.016939841210842133,
    0.019218383356928825,
    0.027083756402134895,
    0.02860979735851288,
    0.014572301879525185,
    0.009536029770970345,
    0.14837023615837097,
    0.04473799839615822,
    0.020818250253796577,
    0.06961609423160553,
    0.023379024118185043,
    0.01249282993376255,
    0.06654007732868195,
    0.037900786846876144,
    0.07608683407306671,
    0.0566742867231369,
    0.025457153096795082,
    0.013329928740859032,
    0.01746499352157116,
    0.03350759670138359,
    0.014842536300420761,
    0.044634461402893066,
    0.07943093776702881,
    0.028047049418091774,
    0.013424848206341267,
    0.03725789487361908,
    0.02776036597788334,
    0.037247564643621445,
    0.027319040149450302,
    0.01775234192609787,
    0.047683823853731155,
    0.007547644432634115,
    0.10493231564760208,
    0.008527472615242004,
    0.082268625497818,
    0.011680472642183304,
    0.07057115435600281,
    0.26042309403419495,
    0.004492484033107758,
    0.08445358276367188,
    0.014852456748485565,
    0.007924637757241726,
    0.014145780354738235,
    0.06490934640169144,
    0.04393180459737778,
    0.015268886461853981,
    0.12285912781953812,
    0.021918952465057373,
    0.009413855150341988,
    0.010267630219459534,
    0.06201094388961792,
    0.013940972276031971,
    0.07788825035095215,
    0.018356332555413246,
    0.029312115162611008,
    0.021127980202436447,
    0.015445413067936897,
    0.013317795470356941,
    0.07068023085594177,
    0.03494914993643761,
    0.014442375861108303
  ]
}