{
  "qat_train": 11.157685673999367,
  "qat_infer": 2.009193136000249,
  "quantized_infer": 2.268760203001875
}