{
  "qat_auc": [
    0.6913992702827654,
    0.6992649723232248
  ],
  "quantized_auc": [
    0.6554413289850183,
    0.6787697892066824
  ]
}