{
  "title": "QAT Model Loss",
  "x": [
    1,
    2,
    3,
    4,
    5,
    6,
    7,
    8,
    9,
    10,
    11,
    12,
    13,
    14,
    15,
    16,
    17,
    18,
    19,
    20,
    21,
    22,
    23,
    24,
    25,
    26,
    27,
    28,
    29,
    30,
    31,
    32,
    33,
    34,
    35,
    36,
    37,
    38,
    39,
    40,
    41,
    42,
    43,
    44,
    45,
    46,
    47,
    48,
    49,
    50,
    51,
    52,
    53,
    54,
    55,
    56,
    57,
    58,
    59,
    60,
    61,
    62,
    63,
    64,
    65,
    66,
    67,
    68,
    69,
    70,
    71,
    72,
    73,
    74,
    75,
    76,
    77,
    78,
    79,
    80,
    81,
    82,
    83,
    84,
    85,
    86,
    87,
    88,
    89,
    90,
    91,
    92,
    93,
    94,
    95,
    96,
    97,
    98,
    99,
    100,
    101,
    102,
    103,
    104,
    105,
    106,
    107,
    108,
    109,
    110,
    111,
    112,
    113,
    114,
    115,
    116,
    117,
    118,
    119,
    120,
    121,
    122
  ],
  "y": [
    0.7456423044204712,
    0.40618041157722473,
    0.6691758036613464,
    0.9232385158538818,
    0.5273528099060059,
    0.37915095686912537,
    0.4689062237739563,
    0.36473721265792847,
    0.4979645609855652,
    0.4336509108543396,
    0.5145491361618042,
    0.4867352843284607,
    0.4131544232368469,
    0.48263370990753174,
    0.3975416123867035,
    0.39789241552352905,
    0.3220066726207733,
    0.5834683179855347,
    0.3109437823295593,
    0.3522815704345703,
    0.3147730827331543,
    0.39717501401901245,
    0.5566860437393188,
    0.45829007029533386,
    0.40946057438850403,
    0.4329085648059845,
    0.33857008814811707,
    0.4593390226364136,
    0.3341703414916992,
    0.43551939725875854,
    0.3344757854938507,
    0.3513670265674591,
    0.3767317831516266,
    0.44516515731811523,
    0.31191715598106384,
    0.5652773380279541,
    0.38360220193862915,
    0.5908700227737427,
    0.44259315729141235,
    0.4073355495929718,
    0.3528640866279602,
    0.43470197916030884,
    0.36545610427856445,
    0.36627453565597534,
    0.31625106930732727,
    0.27878206968307495,
    0.3799685835838318,
    0.3457256555557251,
    0.3454286456108093,
    0.3831155300140381,
    0.49916744232177734,
    0.576249361038208,
    0.3113742470741272,
    0.4913201332092285,
    0.44699782133102417,
    0.4408310055732727,
    0.22930531203746796,
    0.23655648529529572,
    0.4626671373844147,
    0.4061630964279175,
    0.47641998529434204,
    0.3525084853172302,
    0.3276984691619873,
    0.27028965950012207,
    0.43435773253440857,
    0.4935116767883301,
    0.34770411252975464,
    0.347038209438324,
    0.40726131200790405,
    0.4389115571975708,
    0.3161724805831909,
    0.37684017419815063,
    0.5024837255477905,
    0.4394514262676239,
    0.37677204608917236,
    0.46697908639907837,
    0.3491669297218323,
    0.4062578082084656,
    0.5206536054611206,
    0.3790006935596466,
    0.32398521900177,
    0.27024543285369873,
    0.4337921142578125,
    0.43401601910591125,
    0.32419586181640625,
    0.5469775199890137,
    0.6592755317687988,
    0.46224528551101685,
    0.40735697746276855,
    0.32817351818084717,
    0.3019198775291443,
    0.3278372585773468,
    0.32717204093933105,
    0.3255567252635956,
    0.4063626527786255,
    0.43494197726249695,
    0.3215790390968323,
    0.40614092350006104,
    0.26262855529785156,
    0.46566060185432434,
    0.49505171179771423,
    0.3481776714324951,
    0.46629199385643005,
    0.40747010707855225,
    0.46721625328063965,
    0.5261411666870117,
    0.2281174510717392,
    0.3471539616584778,
    0.5256916284561157,
    0.3174157738685608,
    0.46615713834762573,
    0.4363762140274048,
    0.5252119898796082,
    0.4066311717033386,
    0.31778669357299805,
    0.40809106826782227,
    0.3482040762901306,
    0.4065885841846466,
    0.37856096029281616,
    0.22929364442825317,
    0.3178824782371521,
    0.4815348982810974
  ]
}