{
  "qat_train": 22.613020963002782,
  "qat_infer": 4.180065762000595,
  "quantized_infer": 3.0836269349965733
}