{
  "qat_auc": [
    0.6268508452974473,
    0.6897795854106534
  ],
  "quantized_auc": [
    0.6227290050105585,
    0.6829572290737339
  ]
}