{
  "title": "QAT Model Loss",
  "x": [
    1,
    2,
    3,
    4,
    5,
    6,
    7,
    8,
    9,
    10,
    11,
    12,
    13,
    14,
    15,
    16,
    17,
    18,
    19,
    20,
    21,
    22,
    23,
    24,
    25,
    26,
    27,
    28,
    29,
    30,
    31,
    32,
    33,
    34,
    35,
    36,
    37,
    38,
    39,
    40,
    41,
    42,
    43,
    44,
    45,
    46,
    47,
    48,
    49,
    50,
    51,
    52,
    53,
    54,
    55,
    56,
    57,
    58,
    59,
    60,
    61,
    62,
    63,
    64,
    65,
    66,
    67,
    68,
    69,
    70,
    71,
    72,
    73,
    74,
    75,
    76,
    77,
    78,
    79,
    80,
    81,
    82,
    83,
    84,
    85,
    86,
    87,
    88,
    89,
    90,
    91,
    92,
    93,
    94,
    95,
    96,
    97,
    98,
    99,
    100,
    101,
    102,
    103,
    104,
    105,
    106,
    107,
    108,
    109,
    110,
    111,
    112,
    113,
    114,
    115,
    116,
    117,
    118,
    119,
    120,
    121,
    122
  ],
  "y": [
    0.7316603064537048,
    0.8030932545661926,
    0.4777006506919861,
    1.530432939529419,
    0.5901113748550415,
    0.46317458152770996,
    0.4498331844806671,
    0.48786187171936035,
    0.633148193359375,
    0.27548035979270935,
    0.4236402213573456,
    0.40557223558425903,
    0.47988569736480713,
    0.5032392740249634,
    0.472141295671463,
    0.46879246830940247,
    0.4870028495788574,
    0.32115912437438965,
    0.34875744581222534,
    0.31119388341903687,
    0.3967393636703491,
    0.6315116882324219,
    0.49635934829711914,
    0.35777395963668823,
    0.5042388439178467,
    0.31254106760025024,
    0.4067321717739105,
    0.45905476808547974,
    0.43747130036354065,
    0.32530874013900757,
    0.44164469838142395,
    0.39093708992004395,
    0.3047782778739929,
    0.4076300263404846,
    0.37925881147384644,
    0.4191882014274597,
    0.38591834902763367,
    0.3499789237976074,
    0.19924357533454895,
    0.5442643165588379,
    0.3500394821166992,
    0.5282093286514282,
    0.4453800618648529,
    0.49865490198135376,
    0.3537108898162842,
    0.483987033367157,
    0.290634423494339,
    0.3324776291847229,
    0.3442777991294861,
    0.3818962574005127,
    0.46317461133003235,
    0.3463093042373657,
    0.34523212909698486,
    0.2779676616191864,
    0.274996817111969,
    0.3875176012516022,
    0.5459403991699219,
    0.5437129735946655,
    0.23814241588115692,
    0.23988144099712372,
    0.5821845531463623,
    0.34540340304374695,
    0.44214335083961487,
    0.34630972146987915,
    0.2618218660354614,
    0.32165154814720154,
    0.4918937683105469,
    0.4061693549156189,
    0.4885019063949585,
    0.30087095499038696,
    0.3267120122909546,
    0.40645307302474976,
    0.32355380058288574,
    0.4628611207008362,
    0.49267297983169556,
    0.40617188811302185,
    0.40712523460388184,
    0.37812796235084534,
    0.29129651188850403,
    0.3778727650642395,
    0.4065762460231781,
    0.28772374987602234,
    0.4689624011516571,
    0.4073960781097412,
    0.438235342502594,
    0.28481072187423706,
    0.37674254179000854,
    0.31509268283843994,
    0.4072633385658264,
    0.4392867684364319,
    0.34586259722709656,
    0.3147185444831848,
    0.4081633687019348,
    0.3466225862503052,
    0.2833282947540283,
    0.3456161618232727,
    0.5344663262367249,
    0.5034252405166626,
    0.4713190793991089,
    0.3458864986896515,
    0.37674564123153687,
    0.3767760992050171,
    0.438204288482666,
    0.37753161787986755,
    0.376759797334671,
    0.4971594214439392,
    0.4379419684410095,
    0.4361833930015564,
    0.5537270307540894,
    0.4943004846572876,
    0.4943848252296448,
    0.2912743091583252,
    0.4638548493385315,
    0.4069274961948395,
    0.4643781781196594,
    0.34880590438842773,
    0.4936226010322571,
    0.349709689617157,
    0.34888121485710144,
    0.3774999976158142,
    0.40605753660202026,
    0.29967132210731506
  ]
}