{
  "qat_train": 17.80463987800249,
  "qat_infer": 2.388155936001567,
  "quantized_infer": 1.926458896999975
}