{
  "qat_auc": [
    0.9427596806237584,
    0.9607995651684972
  ],
  "quantized_auc": [
    0.9428190326248578,
    0.9601217028401494
  ]
}