{
  "title": "QAT Model Loss",
  "x": [
    1,
    2,
    3,
    4,
    5,
    6,
    7,
    8,
    9,
    10,
    11,
    12,
    13,
    14,
    15,
    16,
    17,
    18,
    19,
    20,
    21,
    22,
    23,
    24,
    25,
    26,
    27,
    28,
    29,
    30,
    31,
    32,
    33,
    34,
    35,
    36,
    37,
    38,
    39,
    40,
    41,
    42,
    43,
    44,
    45,
    46,
    47,
    48,
    49,
    50,
    51,
    52,
    53,
    54,
    55,
    56,
    57,
    58,
    59,
    60,
    61,
    62,
    63,
    64,
    65,
    66,
    67,
    68,
    69,
    70,
    71,
    72,
    73,
    74,
    75,
    76,
    77,
    78,
    79,
    80,
    81,
    82,
    83,
    84,
    85,
    86,
    87,
    88,
    89,
    90,
    91,
    92,
    93,
    94,
    95,
    96,
    97,
    98,
    99,
    100,
    101,
    102,
    103,
    104,
    105,
    106,
    107,
    108,
    109,
    110,
    111,
    112,
    113,
    114,
    115,
    116,
    117,
    118,
    119,
    120,
    121,
    122
  ],
  "y": [
    0.7536211013793945,
    0.6414041519165039,
    0.5345457196235657,
    0.47861766815185547,
    0.3971594274044037,
    0.3968401849269867,
    0.6387212872505188,
    0.5815348029136658,
    0.5332104563713074,
    0.4873567819595337,
    0.4566981792449951,
    0.4963330924510956,
    0.6755958199501038,
    0.37474125623703003,
    0.31084370613098145,
    0.4287634491920471,
    0.4813092350959778,
    0.45328637957572937,
    0.4495382308959961,
    0.3495792746543884,
    0.4140867292881012,
    0.3763899505138397,
    0.3549073338508606,
    0.43752819299697876,
    0.39308464527130127,
    0.48339131474494934,
    0.5058675408363342,
    0.3534083366394043,
    0.35139718651771545,
    0.37807437777519226,
    0.5067645311355591,
    0.39184731245040894,
    0.33909815549850464,
    0.43557071685791016,
    0.320315957069397,
    0.36069875955581665,
    0.37887242436408997,
    0.32007598876953125,
    0.37888020277023315,
    0.33874034881591797,
    0.4579259157180786,
    0.3214792013168335,
    0.3682098984718323,
    0.2138083428144455,
    0.18393199145793915,
    0.25930941104888916,
    0.3301255702972412,
    0.26429107785224915,
    0.38421088457107544,
    0.3891927897930145,
    0.29900264739990234,
    0.33500105142593384,
    0.3047429025173187,
    0.32763272523880005,
    0.26914727687835693,
    0.38014155626296997,
    0.3003513216972351,
    0.23485444486141205,
    0.14663873612880707,
    0.2257445901632309,
    0.1907607465982437,
    0.355104923248291,
    0.18559956550598145,
    0.1963033676147461,
    0.352081835269928,
    0.26717838644981384,
    0.2645602822303772,
    0.1927371621131897,
    0.1969521939754486,
    0.1661660075187683,
    0.16094505786895752,
    0.22642317414283752,
    0.21983690559864044,
    0.23254109919071198,
    0.15532471239566803,
    0.19474372267723083,
    0.23925337195396423,
    0.15889528393745422,
    0.16861402988433838,
    0.21570497751235962,
    0.12339963018894196,
    0.21797126531600952,
    0.21628795564174652,
    0.13553620874881744,
    0.1344454288482666,
    0.1729561686515808,
    0.1063157469034195,
    0.22189049422740936,
    0.1286684274673462,
    0.09199821949005127,
    0.2150297313928604,
    0.17417481541633606,
    0.10018736869096756,
    0.24772845208644867,
    0.10567570477724075,
    0.13808755576610565,
    0.17535941302776337,
    0.13908785581588745,
    0.11371219903230667,
    0.14280642569065094,
    0.1486871838569641,
    0.0831179991364479,
    0.15137071907520294,
    0.13963907957077026,
    0.2125721275806427,
    0.13133665919303894,
    0.1374562531709671,
    0.17055366933345795,
    0.1100025624036789,
    0.17221182584762573,
    0.2746312618255615,
    0.08677560091018677,
    0.16012060642242432,
    0.1339360773563385,
    0.07951298356056213,
    0.1874370276927948,
    0.13936054706573486,
    0.18290314078330994,
    0.08426423370838165,
    0.3213925063610077,
    0.23445731401443481,
    0.13099585473537445
  ]
}