{
  "qat_train": 22.163463365999633,
  "qat_infer": 4.21041615699869,
  "quantized_infer": 3.0539853620030044
}