{
  "qat_auc": [
    0.9722076445377417
  ],
  "quantized_auc": [
    0.9722013969586785
  ]
}