{
  "title": "QAT Model Loss",
  "x": [
    1,
    2,
    3,
    4,
    5,
    6,
    7,
    8,
    9,
    10,
    11,
    12,
    13,
    14,
    15,
    16,
    17,
    18,
    19,
    20,
    21,
    22,
    23,
    24,
    25,
    26,
    27,
    28,
    29,
    30,
    31,
    32,
    33,
    34,
    35,
    36,
    37,
    38,
    39,
    40,
    41,
    42,
    43,
    44,
    45,
    46,
    47,
    48,
    49,
    50,
    51,
    52,
    53,
    54,
    55,
    56,
    57,
    58,
    59,
    60,
    61
  ],
  "y": [
    0.40043944120407104,
    0.5514545440673828,
    0.6186742186546326,
    0.5943564176559448,
    0.5451023578643799,
    0.512209951877594,
    0.528222918510437,
    0.4961870014667511,
    0.362052321434021,
    0.4105755686759949,
    0.3851974606513977,
    0.20224899053573608,
    0.37728774547576904,
    0.3313397765159607,
    0.44136884808540344,
    0.4678800106048584,
    0.3055521249771118,
    0.47032520174980164,
    0.33118510246276855,
    0.34365206956863403,
    0.48408064246177673,
    0.26959067583084106,
    0.45098525285720825,
    0.27946382761001587,
    0.3220446705818176,
    0.2996700704097748,
    0.2930184006690979,
    0.3699549436569214,
    0.29581218957901,
    0.2885320782661438,
    0.27104929089546204,
    0.3590654730796814,
    0.1280030459165573,
    0.25915777683258057,
    0.1392381340265274,
    0.2414504587650299,
    0.23460713028907776,
    0.2358292043209076,
    0.21462537348270416,
    0.1342191994190216,
    0.09869309514760971,
    0.1600799560546875,
    0.281080424785614,
    0.13002263009548187,
    0.26419922709465027,
    0.1613873392343521,
    0.2441193163394928,
    0.16622211039066315,
    0.15271049737930298,
    0.2041027843952179,
    0.13380569219589233,
    0.14016929268836975,
    0.13438189029693604,
    0.21401655673980713,
    0.22969821095466614,
    0.19967123866081238,
    0.2244175374507904,
    0.2983849346637726,
    0.25573477149009705,
    0.2687988877296448,
    0.13883283734321594
  ]
}