{
  "qat_train": 6.798933322999801,
  "qat_infer": 1.1740231039984792,
  "quantized_infer": 0.7721217239995894
}