{
  "qat_auc": [
    0.9138646274568604
  ],
  "quantized_auc": [
    0.9195561719833565
  ]
}