{
  "title": "QAT Model Loss",
  "x": [
    1,
    2,
    3,
    4,
    5,
    6,
    7,
    8,
    9,
    10,
    11,
    12,
    13,
    14,
    15,
    16,
    17,
    18,
    19,
    20,
    21,
    22,
    23,
    24,
    25,
    26,
    27,
    28,
    29,
    30,
    31,
    32,
    33,
    34,
    35,
    36,
    37,
    38,
    39,
    40,
    41,
    42,
    43,
    44,
    45,
    46,
    47,
    48,
    49,
    50,
    51,
    52,
    53,
    54,
    55,
    56,
    57,
    58,
    59,
    60,
    61
  ],
  "y": [
    0.7278892993927002,
    0.6365752220153809,
    0.531306266784668,
    0.4149838387966156,
    0.5979205965995789,
    0.45859619975090027,
    0.42400479316711426,
    0.548664927482605,
    0.33887535333633423,
    0.37710708379745483,
    0.4709746539592743,
    0.5363152027130127,
    0.4826829731464386,
    0.4250152111053467,
    0.45744723081588745,
    0.3898746967315674,
    0.30633342266082764,
    0.37640810012817383,
    0.4162645936012268,
    0.36262887716293335,
    0.4795125424861908,
    0.3335169553756714,
    0.27414989471435547,
    0.3191002309322357,
    0.4328395426273346,
    0.3094213008880615,
    0.3573418855667114,
    0.36866772174835205,
    0.42522934079170227,
    0.3113006055355072,
    0.3040073812007904,
    0.34595584869384766,
    0.4076271951198578,
    0.4385460913181305,
    0.31553560495376587,
    0.3852958083152771,
    0.37943321466445923,
    0.4524550437927246,
    0.3269393742084503,
    0.3657940626144409,
    0.4049893021583557,
    0.3503689467906952,
    0.3296571373939514,
    0.29738694429397583,
    0.31535011529922485,
    0.3361576795578003,
    0.23857611417770386,
    0.4021890163421631,
    0.21803298592567444,
    0.36227792501449585,
    0.3652583956718445,
    0.33818453550338745,
    0.23176121711730957,
    0.36058348417282104,
    0.3765195608139038,
    0.37632954120635986,
    0.36535337567329407,
    0.3059445023536682,
    0.3760606050491333,
    0.2731570601463318,
    0.3120405673980713
  ]
}