{
  "qat_train": 9.319039005000377,
  "qat_infer": 1.2097957510013657,
  "quantized_infer": 0.9382411369988404
}