{
  "qat_auc": [
    0.9782584248603665
  ],
  "quantized_auc": [
    0.9765184740912896
  ]
}