{
  "title": "QAT Model Loss",
  "x": [
    1,
    2,
    3,
    4,
    5,
    6,
    7,
    8,
    9,
    10,
    11,
    12,
    13,
    14,
    15,
    16,
    17,
    18,
    19,
    20,
    21,
    22,
    23,
    24,
    25,
    26,
    27,
    28,
    29,
    30,
    31,
    32,
    33,
    34,
    35,
    36,
    37,
    38,
    39,
    40,
    41,
    42,
    43,
    44,
    45,
    46,
    47,
    48,
    49,
    50,
    51,
    52,
    53,
    54,
    55,
    56,
    57,
    58,
    59,
    60,
    61
  ],
  "y": [
    0.7441209554672241,
    0.5060305595397949,
    0.4379711449146271,
    0.43440520763397217,
    0.29010283946990967,
    0.3831310272216797,
    0.5327940583229065,
    0.3058920204639435,
    0.447731077671051,
    0.3053427040576935,
    0.3615682125091553,
    0.35639655590057373,
    0.29231321811676025,
    0.40024614334106445,
    0.2502344846725464,
    0.36783021688461304,
    0.435486763715744,
    0.2868783473968506,
    0.30769431591033936,
    0.3101484775543213,
    0.33442938327789307,
    0.2287985384464264,
    0.17963442206382751,
    0.25752153992652893,
    0.20833991467952728,
    0.2788112163543701,
    0.20338471233844757,
    0.30886921286582947,
    0.2861083745956421,
    0.12724725902080536,
    0.1873646378517151,
    0.19399814307689667,
    0.12291290611028671,
    0.17300140857696533,
    0.21348349750041962,
    0.10561171174049377,
    0.15454232692718506,
    0.12572887539863586,
    0.1701563596725464,
    0.15697559714317322,
    0.05051128566265106,
    0.270948588848114,
    0.2810012102127075,
    0.11576317995786667,
    0.1422094702720642,
    0.1053665354847908,
    0.10368822515010834,
    0.23311401903629303,
    0.15830567479133606,
    0.05411882698535919,
    0.1480216085910797,
    0.2952778935432434,
    0.08878923207521439,
    0.20803767442703247,
    0.06487466394901276,
    0.1446930468082428,
    0.13904504477977753,
    0.12321573495864868,
    0.09225888550281525,
    0.13037970662117004,
    0.13113808631896973
  ]
}