{
  "qat_train": 9.323825131003105,
  "qat_infer": 1.205048853000335,
  "quantized_infer": 0.9573286209997605
}