{
  "qat_auc": [
    0.8721526658419864
  ],
  "quantized_auc": [
    0.8721526658419864
  ]
}