{
  "title": "QAT Model Loss",
  "x": [
    1,
    2,
    3,
    4,
    5,
    6,
    7,
    8,
    9,
    10,
    11,
    12,
    13,
    14,
    15,
    16,
    17,
    18,
    19,
    20,
    21,
    22,
    23,
    24,
    25,
    26,
    27,
    28,
    29,
    30,
    31,
    32,
    33,
    34,
    35,
    36,
    37,
    38,
    39,
    40,
    41,
    42,
    43,
    44,
    45,
    46,
    47,
    48,
    49,
    50,
    51,
    52,
    53,
    54,
    55,
    56,
    57,
    58,
    59,
    60,
    61
  ],
  "y": [
    0.6802177429199219,
    0.6737202405929565,
    0.6610883474349976,
    0.667908787727356,
    0.6552098989486694,
    0.6329361200332642,
    0.6207543015480042,
    0.5999796390533447,
    0.5977046489715576,
    0.5791976451873779,
    0.5390914678573608,
    0.4838911294937134,
    0.5158350467681885,
    0.4725008010864258,
    0.5244560241699219,
    0.5576510429382324,
    0.4107174873352051,
    0.4899016320705414,
    0.5188285112380981,
    0.30708345770835876,
    0.3697589337825775,
    0.3457626402378082,
    0.5376353859901428,
    0.3426036238670349,
    0.3796984553337097,
    0.2769491672515869,
    0.44554242491722107,
    0.316575825214386,
    0.3537021279335022,
    0.40391382575035095,
    0.37549689412117004,
    0.31391453742980957,
    0.34426966309547424,
    0.2536761164665222,
    0.3164440989494324,
    0.33157846331596375,
    0.35011354088783264,
    0.3381519317626953,
    0.3482747972011566,
    0.4958372414112091,
    0.37633517384529114,
    0.3055931031703949,
    0.2612260580062866,
    0.3448881208896637,
    0.3070526421070099,
    0.25571808218955994,
    0.2965078055858612,
    0.3596981167793274,
    0.30026400089263916,
    0.45373255014419556,
    0.30363333225250244,
    0.3523479700088501,
    0.28609246015548706,
    0.3517448604106903,
    0.3876570165157318,
    0.26754823327064514,
    0.3071880638599396,
    0.2833995521068573,
    0.289196252822876,
    0.3705400824546814,
    0.25175732374191284
  ]
}