{
  "qat_train": 7.12459325799864,
  "qat_infer": 1.0555783460004022,
  "quantized_infer": 0.8707250039988139
}