{
  "qat_auc": [
    0.9513594732041335,
    0.9603841011608002
  ],
  "quantized_auc": [
    0.9513594732041335,
    0.9603841011608002
  ]
}