{
  "title": "QAT Model Loss",
  "x": [
    1,
    2,
    3,
    4,
    5,
    6,
    7,
    8,
    9,
    10,
    11,
    12,
    13,
    14,
    15,
    16,
    17,
    18,
    19,
    20,
    21,
    22,
    23,
    24,
    25,
    26,
    27,
    28,
    29,
    30,
    31,
    32,
    33,
    34,
    35,
    36,
    37,
    38,
    39,
    40,
    41,
    42,
    43,
    44,
    45,
    46,
    47,
    48,
    49,
    50,
    51,
    52,
    53,
    54,
    55,
    56,
    57,
    58,
    59,
    60,
    61,
    62,
    63,
    64,
    65,
    66,
    67,
    68,
    69,
    70,
    71,
    72,
    73,
    74,
    75,
    76,
    77,
    78,
    79,
    80,
    81,
    82,
    83,
    84,
    85,
    86,
    87,
    88,
    89,
    90,
    91,
    92,
    93,
    94,
    95,
    96,
    97,
    98,
    99,
    100,
    101,
    102,
    103,
    104,
    105,
    106,
    107,
    108,
    109,
    110,
    111,
    112,
    113,
    114,
    115,
    116,
    117,
    118,
    119,
    120,
    121,
    122
  ],
  "y": [
    0.6849227547645569,
    0.6743477582931519,
    0.6601765155792236,
    0.6546204686164856,
    0.6457726955413818,
    0.6455263495445251,
    0.6173783540725708,
    0.5960190296173096,
    0.6003738641738892,
    0.5848831534385681,
    0.550683856010437,
    0.5432179570198059,
    0.4681757688522339,
    0.4699036180973053,
    0.5195559859275818,
    0.49502652883529663,
    0.4814309775829315,
    0.48657476902008057,
    0.36922121047973633,
    0.5581932663917542,
    0.48750168085098267,
    0.3279271721839905,
    0.2807478904724121,
    0.3253549635410309,
    0.33589571714401245,
    0.35907435417175293,
    0.45840418338775635,
    0.2823154330253601,
    0.3270748555660248,
    0.2922815978527069,
    0.32159847021102905,
    0.3168436288833618,
    0.2406371384859085,
    0.271790087223053,
    0.33962520956993103,
    0.3522036671638489,
    0.27806976437568665,
    0.21740129590034485,
    0.29936397075653076,
    0.2299463450908661,
    0.3164917826652527,
    0.21622221171855927,
    0.43619289994239807,
    0.26161205768585205,
    0.3031569719314575,
    0.23146949708461761,
    0.2721661925315857,
    0.3024788498878479,
    0.2644202411174774,
    0.21465303003787994,
    0.2830011248588562,
    0.22320112586021423,
    0.17041516304016113,
    0.23348136246204376,
    0.22272703051567078,
    0.32024478912353516,
    0.21848754584789276,
    0.2561848759651184,
    0.26586976647377014,
    0.2938636839389801,
    0.13778795301914215,
    0.18533679842948914,
    0.18690574169158936,
    0.2621272802352905,
    0.16182029247283936,
    0.28204143047332764,
    0.2187599539756775,
    0.3341537415981293,
    0.1780099868774414,
    0.20160359144210815,
    0.11642193049192429,
    0.19119657576084137,
    0.14519736170768738,
    0.09292007982730865,
    0.22281058132648468,
    0.1743355095386505,
    0.1109471470117569,
    0.11813025176525116,
    0.14807724952697754,
    0.16087237000465393,
    0.17218029499053955,
    0.3525082767009735,
    0.13622719049453735,
    0.09859666228294373,
    0.1282019019126892,
    0.19098863005638123,
    0.16472207009792328,
    0.17763714492321014,
    0.32118213176727295,
    0.20597288012504578,
    0.1902601569890976,
    0.1743381917476654,
    0.19492903351783752,
    0.1199956014752388,
    0.23118272423744202,
    0.1920846551656723,
    0.18312081694602966,
    0.2706306576728821,
    0.14919306337833405,
    0.09932876378297806,
    0.15966787934303284,
    0.12562403082847595,
    0.23821499943733215,
    0.23873552680015564,
    0.13953232765197754,
    0.21098360419273376,
    0.24411600828170776,
    0.2521432042121887,
    0.16237494349479675,
    0.12879568338394165,
    0.09539280831813812,
    0.12267406284809113,
    0.21450693905353546,
    0.14175885915756226,
    0.12404508143663406,
    0.1549685299396515,
    0.18170079588890076,
    0.09787745773792267,
    0.14830848574638367,
    0.14865301549434662,
    0.1979130655527115,
    0.11808949708938599
  ]
}