{
  "qat_train": 14.367342843997903,
  "qat_infer": 2.1197167970021837,
  "quantized_infer": 1.7549903660001291
}