{
  "qat_auc": [
    0.9206776124251853
  ],
  "quantized_auc": [
    0.9198404368307281
  ]
}