{
  "title": "QAT Model Loss",
  "x": [
    1,
    2,
    3,
    4,
    5,
    6,
    7,
    8,
    9,
    10,
    11,
    12,
    13,
    14,
    15,
    16,
    17,
    18,
    19,
    20,
    21,
    22,
    23,
    24,
    25,
    26,
    27,
    28,
    29,
    30,
    31,
    32,
    33,
    34,
    35,
    36,
    37,
    38,
    39,
    40,
    41,
    42,
    43,
    44,
    45,
    46,
    47,
    48,
    49,
    50,
    51,
    52,
    53,
    54,
    55,
    56,
    57,
    58,
    59,
    60,
    61
  ],
  "y": [
    0.7444736361503601,
    0.783933699131012,
    0.4196082055568695,
    1.4244158267974854,
    0.5843336582183838,
    0.4115894138813019,
    0.5406109094619751,
    0.5750706791877747,
    0.44372186064720154,
    0.4957500994205475,
    0.20701831579208374,
    0.34712058305740356,
    0.4591471552848816,
    0.43828296661376953,
    0.3425751328468323,
    0.4593336582183838,
    0.432935893535614,
    0.5496548414230347,
    0.4054691195487976,
    0.349589467048645,
    0.4057471454143524,
    0.3472751975059509,
    0.37603050470352173,
    0.5288867950439453,
    0.49320363998413086,
    0.34812331199645996,
    0.37711089849472046,
    0.2750539183616638,
    0.4022473394870758,
    0.4024135172367096,
    0.31386661529541016,
    0.37350520491600037,
    0.3398052453994751,
    0.339664101600647,
    0.408615380525589,
    0.6069945096969604,
    0.3081895709037781,
    0.399117648601532,
    0.36775273084640503,
    0.42294496297836304,
    0.34270143508911133,
    0.36935490369796753,
    0.3942897319793701,
    0.4162798523902893,
    0.39143577218055725,
    0.3918876051902771,
    0.37160563468933105,
    0.3644410967826843,
    0.31333762407302856,
    0.31066176295280457,
    0.3358026146888733,
    0.3914799690246582,
    0.3655393719673157,
    0.4137394428253174,
    0.2785579562187195,
    0.4155292510986328,
    0.24993258714675903,
    0.4472045302391052,
    0.3312946856021881,
    0.4695643186569214,
    0.42919105291366577
  ]
}