{
  "qat_train": 9.297704731998238,
  "qat_infer": 1.2110422699988703,
  "quantized_infer": 0.9574637750010879
}