{
  "qat_auc": [
    0.6708869063237997
  ],
  "quantized_auc": [
    0.6568126725893717
  ]
}