{
  "title": "QAT Model Loss",
  "x": [
    1,
    2,
    3,
    4,
    5,
    6,
    7,
    8,
    9,
    10,
    11,
    12,
    13,
    14,
    15,
    16,
    17,
    18,
    19,
    20,
    21,
    22,
    23,
    24,
    25,
    26,
    27,
    28,
    29,
    30,
    31,
    32,
    33,
    34,
    35,
    36,
    37,
    38,
    39,
    40,
    41,
    42,
    43,
    44,
    45,
    46,
    47,
    48,
    49,
    50,
    51,
    52,
    53,
    54,
    55,
    56,
    57,
    58,
    59,
    60,
    61
  ],
  "y": [
    0.7506392002105713,
    0.5888362526893616,
    0.6028782725334167,
    0.47547125816345215,
    0.46943968534469604,
    0.42178234457969666,
    0.420651376247406,
    0.4364544153213501,
    0.4099871516227722,
    0.41909608244895935,
    0.3843609690666199,
    0.31129804253578186,
    0.5692125558853149,
    0.48558980226516724,
    0.4761073589324951,
    0.2910451292991638,
    0.4097636044025421,
    0.4087184965610504,
    0.40893828868865967,
    0.36159831285476685,
    0.4104838967323303,
    0.28701192140579224,
    0.4343942701816559,
    0.3539857268333435,
    0.5170711874961853,
    0.4068284332752228,
    0.4364126920700073,
    0.4637490510940552,
    0.320137619972229,
    0.4059444069862366,
    0.49494534730911255,
    0.40579113364219666,
    0.3486829400062561,
    0.31764960289001465,
    0.2590748071670532,
    0.4662078022956848,
    0.4374457597732544,
    0.46573129296302795,
    0.2865926921367645,
    0.40625476837158203,
    0.4636634588241577,
    0.31689614057540894,
    0.34694457054138184,
    0.5273198485374451,
    0.37680160999298096,
    0.40457403659820557,
    0.3458647131919861,
    0.2860018014907837,
    0.2877812385559082,
    0.4345393478870392,
    0.4947358965873718,
    0.40530750155448914,
    0.4342429041862488,
    0.4040127992630005,
    0.49408841133117676,
    0.31684839725494385,
    0.344362735748291,
    0.259554922580719,
    0.4338972866535187,
    0.3748856484889984,
    0.26556169986724854
  ]
}