{
  "qat_train": 10.862017062998348,
  "qat_infer": 2.09050082199974,
  "quantized_infer": 1.537301292999473
}