{
  "qat_auc": [
    0.7805225475128389
  ],
  "quantized_auc": [
    0.7789793954842498
  ]
}