{
  "title": "QAT Model Loss",
  "x": [
    1,
    2,
    3,
    4,
    5,
    6,
    7,
    8,
    9,
    10,
    11,
    12,
    13,
    14,
    15,
    16,
    17,
    18,
    19,
    20,
    21,
    22,
    23,
    24,
    25,
    26,
    27,
    28,
    29,
    30,
    31,
    32,
    33,
    34,
    35,
    36,
    37,
    38,
    39,
    40,
    41,
    42,
    43,
    44,
    45,
    46,
    47,
    48,
    49,
    50,
    51,
    52,
    53,
    54,
    55,
    56,
    57,
    58,
    59,
    60,
    61
  ],
  "y": [
    0.46026700735092163,
    0.4253775179386139,
    0.3923851549625397,
    0.3559455871582031,
    0.4172405004501343,
    0.33646470308303833,
    0.4117429554462433,
    0.28082358837127686,
    0.47626015543937683,
    0.42295384407043457,
    0.3923932909965515,
    0.4521176815032959,
    0.3341689705848694,
    0.4696331322193146,
    0.42005690932273865,
    0.35374775528907776,
    0.41632264852523804,
    0.24337559938430786,
    0.4169340133666992,
    0.3701764941215515,
    0.2692161798477173,
    0.3725731670856476,
    0.39701059460639954,
    0.4343315660953522,
    0.2823788523674011,
    0.3381497263908386,
    0.3160880208015442,
    0.44260767102241516,
    0.36389434337615967,
    0.4835412800312042,
    0.40478307008743286,
    0.40001267194747925,
    0.37853574752807617,
    0.4262634515762329,
    0.3405388593673706,
    0.37177884578704834,
    0.38570648431777954,
    0.4314400553703308,
    0.4424774646759033,
    0.36470064520835876,
    0.36913633346557617,
    0.2637430429458618,
    0.30567681789398193,
    0.3314507007598877,
    0.40791717171669006,
    0.4003722667694092,
    0.348843514919281,
    0.341927707195282,
    0.3596815764904022,
    0.43419963121414185,
    0.39962804317474365,
    0.30350461602211,
    0.27338874340057373,
    0.32862618565559387,
    0.3751847743988037,
    0.35659968852996826,
    0.3998939096927643,
    0.3068714141845703,
    0.3476548194885254,
    0.35914310812950134,
    0.38445353507995605
  ]
}