{
  "qat_train": 5.401567351000267,
  "qat_infer": 1.045416873999784,
  "quantized_infer": 1.152042869998695
}