{
  "qat_auc": [
    0.6734249853181893
  ],
  "quantized_auc": [
    0.6741465806999787
  ]
}