{
  "title": "QAT Model Loss",
  "x": [
    1,
    2,
    3,
    4,
    5,
    6,
    7,
    8,
    9,
    10,
    11,
    12,
    13,
    14,
    15,
    16,
    17,
    18,
    19,
    20,
    21,
    22,
    23,
    24,
    25,
    26,
    27,
    28,
    29,
    30,
    31,
    32,
    33,
    34,
    35,
    36,
    37,
    38,
    39,
    40,
    41,
    42,
    43,
    44,
    45,
    46,
    47,
    48,
    49,
    50,
    51,
    52,
    53,
    54,
    55,
    56,
    57,
    58,
    59,
    60,
    61
  ],
  "y": [
    0.745542049407959,
    0.4179401099681854,
    0.5029555559158325,
    0.5418486595153809,
    0.474973201751709,
    0.40927809476852417,
    0.3349420130252838,
    0.3463020324707031,
    0.3184751272201538,
    0.3730330467224121,
    0.3318852186203003,
    0.47341546416282654,
    0.5455410480499268,
    0.5131153464317322,
    0.34826111793518066,
    0.4076201319694519,
    0.43368908762931824,
    0.43446508049964905,
    0.37155553698539734,
    0.527823805809021,
    0.3453516364097595,
    0.38547128438949585,
    0.44404205679893494,
    0.3770158886909485,
    0.4160975515842438,
    0.3851102888584137,
    0.4585767984390259,
    0.3539648652076721,
    0.40617868304252625,
    0.34686410427093506,
    0.44079479575157166,
    0.37530893087387085,
    0.4754334092140198,
    0.41085052490234375,
    0.47576576471328735,
    0.4433729648590088,
    0.34502846002578735,
    0.3458835780620575,
    0.3760017156600952,
    0.4073137044906616,
    0.25240665674209595,
    0.5623926520347595,
    0.34694427251815796,
    0.37799641489982605,
    0.37614208459854126,
    0.434781551361084,
    0.40722769498825073,
    0.31733131408691406,
    0.258135586977005,
    0.5844558477401733,
    0.34773409366607666,
    0.37754571437835693,
    0.523303210735321,
    0.6123660802841187,
    0.37627172470092773,
    0.31754130125045776,
    0.22958332300186157,
    0.34783104062080383,
    0.2910681366920471,
    0.43534600734710693,
    0.388130784034729
  ]
}