{
  "qat_train": 8.92577257800076,
  "qat_infer": 1.2094183139997767,
  "quantized_infer": 0.966947582001012
}