{
  "qat_auc": [
    0.38179268033636965
  ],
  "quantized_auc": [
    0.36847908935287577
  ]
}