{
  "title": "QAT Model Loss",
  "x": [
    1,
    2,
    3,
    4,
    5,
    6,
    7,
    8,
    9,
    10,
    11,
    12,
    13,
    14,
    15,
    16,
    17,
    18,
    19,
    20,
    21,
    22,
    23,
    24,
    25,
    26,
    27,
    28,
    29,
    30,
    31,
    32,
    33,
    34,
    35,
    36,
    37,
    38,
    39,
    40,
    41,
    42,
    43,
    44,
    45,
    46,
    47,
    48,
    49,
    50,
    51,
    52,
    53,
    54,
    55,
    56,
    57,
    58,
    59,
    60,
    61
  ],
  "y": [
    0.7468429207801819,
    0.6259427666664124,
    0.5399656891822815,
    1.3466614484786987,
    0.5554078817367554,
    0.4603901207447052,
    0.35602182149887085,
    0.6326347589492798,
    0.33715200424194336,
    0.7062184810638428,
    0.43558311462402344,
    0.4111412763595581,
    0.3245355188846588,
    0.3891812562942505,
    0.3762570917606354,
    0.33278539776802063,
    0.3386496901512146,
    0.4347344636917114,
    0.3164186179637909,
    0.31158897280693054,
    0.23792025446891785,
    0.3538903594017029,
    0.2339686155319214,
    0.451845645904541,
    0.409607857465744,
    0.4064847230911255,
    0.5257358551025391,
    0.3526076674461365,
    0.49154603481292725,
    0.3125830888748169,
    0.4964924454689026,
    0.48729512095451355,
    0.3410782217979431,
    0.4605538249015808,
    0.46435385942459106,
    0.3832448720932007,
    0.4430657625198364,
    0.39806219935417175,
    0.37021946907043457,
    0.4838688373565674,
    0.35787126421928406,
    0.3546023666858673,
    0.3230157792568207,
    0.5523769855499268,
    0.37767577171325684,
    0.40744805335998535,
    0.4398386776447296,
    0.37778154015541077,
    0.4714011549949646,
    0.4407494068145752,
    0.4094955623149872,
    0.315349817276001,
    0.6266649961471558,
    0.37687093019485474,
    0.4078596830368042,
    0.43825942277908325,
    0.43818673491477966,
    0.49924999475479126,
    0.34800320863723755,
    0.2852039039134979,
    0.3905530273914337
  ]
}