{
  "qat_train": 11.094958143999975,
  "qat_infer": 2.094525871998485,
  "quantized_infer": 1.5271052700009022
}