{
  "qat_auc": [
    0.9255725906211343
  ],
  "quantized_auc": [
    0.9312079069360623
  ]
}