{
  "title": "QAT Model Loss",
  "x": [
    1,
    2,
    3,
    4,
    5,
    6,
    7,
    8,
    9,
    10,
    11,
    12,
    13,
    14,
    15,
    16,
    17,
    18,
    19,
    20,
    21,
    22,
    23,
    24,
    25,
    26,
    27,
    28,
    29,
    30,
    31,
    32,
    33,
    34,
    35,
    36,
    37,
    38,
    39,
    40,
    41,
    42,
    43,
    44,
    45,
    46,
    47,
    48,
    49,
    50,
    51,
    52,
    53,
    54,
    55,
    56,
    57,
    58,
    59,
    60,
    61
  ],
  "y": [
    0.739295244216919,
    0.6339312195777893,
    0.5455454587936401,
    0.5175009965896606,
    0.5460667610168457,
    0.5572264790534973,
    0.6839385032653809,
    0.5183805227279663,
    0.4144745171070099,
    0.4135339856147766,
    0.4353809952735901,
    0.31669044494628906,
    0.3829095959663391,
    0.5643015503883362,
    0.4956625699996948,
    0.27944281697273254,
    0.49134060740470886,
    0.37305396795272827,
    0.2546877861022949,
    0.3351794481277466,
    0.3840439021587372,
    0.26655447483062744,
    0.3154965043067932,
    0.3732573390007019,
    0.3641420006752014,
    0.30160489678382874,
    0.4366857409477234,
    0.40076741576194763,
    0.3572596311569214,
    0.49201372265815735,
    0.3194252848625183,
    0.3407207429409027,
    0.4036370813846588,
    0.2887236475944519,
    0.36424481868743896,
    0.3793976902961731,
    0.30952441692352295,
    0.36157721281051636,
    0.3455256223678589,
    0.33707165718078613,
    0.304191917181015,
    0.5023125410079956,
    0.3426589369773865,
    0.32756608724594116,
    0.2967044413089752,
    0.3496710956096649,
    0.2908751964569092,
    0.3015475273132324,
    0.2645917534828186,
    0.3681206703186035,
    0.2754333019256592,
    0.2795056998729706,
    0.1979435384273529,
    0.20339001715183258,
    0.3018866181373596,
    0.31505197286605835,
    0.25763463973999023,
    0.28653857111930847,
    0.30704939365386963,
    0.30717331171035767,
    0.2783219814300537
  ]
}