{
  "qat_train": 11.22555824400115,
  "qat_infer": 2.0923831479994988,
  "quantized_infer": 1.5412023509998107
}