{
  "qat_auc": [
    0.9760905149254663
  ],
  "quantized_auc": [
    0.9765247216703528
  ]
}