{
  "title": "QAT Model Loss",
  "x": [
    1,
    2,
    3,
    4,
    5,
    6,
    7,
    8,
    9,
    10,
    11,
    12,
    13,
    14,
    15,
    16,
    17,
    18,
    19,
    20,
    21,
    22,
    23,
    24,
    25,
    26,
    27,
    28,
    29,
    30,
    31,
    32,
    33,
    34,
    35,
    36,
    37,
    38,
    39,
    40,
    41,
    42,
    43,
    44,
    45,
    46,
    47,
    48,
    49,
    50,
    51,
    52,
    53,
    54,
    55,
    56,
    57,
    58,
    59,
    60,
    61
  ],
  "y": [
    0.7379308938980103,
    0.48037266731262207,
    0.4424978494644165,
    0.4095956087112427,
    0.4689217209815979,
    0.36349594593048096,
    0.47909116744995117,
    0.3979669511318207,
    0.502230703830719,
    0.31518492102622986,
    0.2574789524078369,
    0.5501011610031128,
    0.3741939067840576,
    0.3052259385585785,
    0.2938997745513916,
    0.3291848301887512,
    0.365325927734375,
    0.21836954355239868,
    0.3570799231529236,
    0.25953981280326843,
    0.2889869809150696,
    0.1871086061000824,
    0.2109318971633911,
    0.2140321284532547,
    0.2837560176849365,
    0.14383837580680847,
    0.18577603995800018,
    0.24550144374370575,
    0.14544203877449036,
    0.055359214544296265,
    0.1836136430501938,
    0.1313360184431076,
    0.2993171215057373,
    0.16963551938533783,
    0.09552642703056335,
    0.2157052755355835,
    0.0922970101237297,
    0.1839938461780548,
    0.10129638016223907,
    0.1447574496269226,
    0.15649382770061493,
    0.19334349036216736,
    0.26444724202156067,
    0.2598610818386078,
    0.08440981805324554,
    0.12161383032798767,
    0.16226640343666077,
    0.14737504720687866,
    0.141932874917984,
    0.1940261423587799,
    0.1813649982213974,
    0.1501201093196869,
    0.10074212402105331,
    0.07851998507976532,
    0.14875638484954834,
    0.16587845981121063,
    0.16870450973510742,
    0.08918043971061707,
    0.0735301598906517,
    0.14204731583595276,
    0.08694660663604736
  ]
}