{
  "qat_train": 10.547025333999045,
  "qat_infer": 2.0808430239994777,
  "quantized_infer": 1.5379309380004997
}