{
  "qat_auc": [
    0.985849233422049,
    0.987208081868276
  ],
  "quantized_auc": [
    0.985905461633617,
    0.9870768827079507
  ]
}