{
  "title": "QAT Model Loss",
  "x": [
    1,
    2,
    3,
    4,
    5,
    6,
    7,
    8,
    9,
    10,
    11,
    12,
    13,
    14,
    15,
    16,
    17,
    18,
    19,
    20,
    21,
    22,
    23,
    24,
    25,
    26,
    27,
    28,
    29,
    30,
    31,
    32,
    33,
    34,
    35,
    36,
    37,
    38,
    39,
    40,
    41,
    42,
    43,
    44,
    45,
    46,
    47,
    48,
    49,
    50,
    51,
    52,
    53,
    54,
    55,
    56,
    57,
    58,
    59,
    60,
    61,
    62,
    63,
    64,
    65,
    66,
    67,
    68,
    69,
    70,
    71,
    72,
    73,
    74,
    75,
    76,
    77,
    78,
    79,
    80,
    81,
    82,
    83,
    84,
    85,
    86,
    87,
    88,
    89,
    90,
    91,
    92,
    93,
    94,
    95,
    96,
    97,
    98,
    99,
    100,
    101,
    102,
    103,
    104,
    105,
    106,
    107,
    108,
    109,
    110,
    111,
    112,
    113,
    114,
    115,
    116,
    117,
    118,
    119,
    120,
    121,
    122
  ],
  "y": [
    0.3666091859340668,
    0.4268682897090912,
    0.45725205540657043,
    0.5207297801971436,
    0.38814520835876465,
    0.36753666400909424,
    0.3677235543727875,
    0.3494695723056793,
    0.3249906897544861,
    0.2986743450164795,
    0.33822470903396606,
    0.2704327702522278,
    0.26651373505592346,
    0.26399677991867065,
    0.2883341312408447,
    0.2923579812049866,
    0.3161889314651489,
    0.20768620073795319,
    0.20841148495674133,
    0.19742977619171143,
    0.26345890760421753,
    0.21758337318897247,
    0.21662381291389465,
    0.17885485291481018,
    0.21790148317813873,
    0.23160392045974731,
    0.1217096745967865,
    0.16415700316429138,
    0.12013363838195801,
    0.11820956319570541,
    0.19339843094348907,
    0.19896578788757324,
    0.12487514317035675,
    0.18615522980690002,
    0.10772252082824707,
    0.11189466714859009,
    0.13672946393489838,
    0.0721844807267189,
    0.09759528934955597,
    0.1257912814617157,
    0.10745300352573395,
    0.10092639923095703,
    0.10026729106903076,
    0.03163522481918335,
    0.15277829766273499,
    0.05422167479991913,
    0.02873159945011139,
    0.12987105548381805,
    0.10167954862117767,
    0.10646281391382217,
    0.10864071547985077,
    0.07851514965295792,
    0.07309885323047638,
    0.11968634277582169,
    0.09421120584011078,
    0.06776297837495804,
    0.06741765886545181,
    0.09572490304708481,
    0.10966329276561737,
    0.08350544422864914,
    0.01747140847146511,
    0.12049892544746399,
    0.0501541942358017,
    0.03708039969205856,
    0.03344932571053505,
    0.0184817835688591,
    0.03523159772157669,
    0.021387342363595963,
    0.0793846845626831,
    0.03102344647049904,
    0.07775866985321045,
    0.03481433168053627,
    0.0758136510848999,
    0.05771826207637787,
    0.03814059495925903,
    0.05599271506071091,
    0.016890201717615128,
    0.06859315186738968,
    0.02131267637014389,
    0.03226487711071968,
    0.017221590504050255,
    0.11367130279541016,
    0.13668246567249298,
    0.05496639385819435,
    0.0188131146132946,
    0.021022222936153412,
    0.06022466719150543,
    0.03873825818300247,
    0.04618141055107117,
    0.05144517123699188,
    0.10932528227567673,
    0.08781219273805618,
    0.07070720195770264,
    0.057376593351364136,
    0.15275508165359497,
    0.04210514575242996,
    0.01588612049818039,
    0.03640246018767357,
    0.1680695116519928,
    0.17417705059051514,
    0.04118448495864868,
    0.13212761282920837,
    0.32839012145996094,
    0.035135723650455475,
    0.08665073662996292,
    0.06668183207511902,
    0.05865146592259407,
    0.0866270363330841,
    0.09558115899562836,
    0.17425839602947235,
    0.024252906441688538,
    0.07419496774673462,
    0.028742460533976555,
    0.06729017943143845,
    0.0640849694609642,
    0.05239970237016678,
    0.038480184972286224,
    0.16671976447105408,
    0.04357009008526802,
    0.09468035399913788,
    0.06282858550548553,
    0.27460241317749023
  ]
}