{
  "qat_train": 11.165727236999373,
  "qat_infer": 1.9894066269989708,
  "quantized_infer": 2.2770527329994366
}