{
  "qat_auc": [
    0.16725393909859929,
    0.5652200397346028
  ],
  "quantized_auc": [
    0.16877053891616994,
    0.5651997351026476
  ]
}