{
  "title": "QAT Model Loss",
  "x": [
    1,
    2,
    3,
    4,
    5,
    6,
    7,
    8,
    9,
    10,
    11,
    12,
    13,
    14,
    15,
    16,
    17,
    18,
    19,
    20,
    21,
    22,
    23,
    24,
    25,
    26,
    27,
    28,
    29,
    30,
    31,
    32,
    33,
    34,
    35,
    36,
    37,
    38,
    39,
    40,
    41,
    42,
    43,
    44,
    45,
    46,
    47,
    48,
    49,
    50,
    51,
    52,
    53,
    54,
    55,
    56,
    57,
    58,
    59,
    60,
    61,
    62,
    63,
    64,
    65,
    66,
    67,
    68,
    69,
    70,
    71,
    72,
    73,
    74,
    75,
    76,
    77,
    78,
    79,
    80,
    81,
    82,
    83,
    84,
    85,
    86,
    87,
    88,
    89,
    90,
    91,
    92,
    93,
    94,
    95,
    96,
    97,
    98,
    99,
    100,
    101,
    102,
    103,
    104,
    105,
    106,
    107,
    108,
    109,
    110,
    111,
    112,
    113,
    114,
    115,
    116,
    117,
    118,
    119,
    120,
    121,
    122
  ],
  "y": [
    0.4496837854385376,
    0.3904283940792084,
    1.0346729755401611,
    0.33210813999176025,
    0.4219617247581482,
    0.4546477794647217,
    0.4192734956741333,
    0.4314768612384796,
    0.6309102773666382,
    0.3509259521961212,
    0.42835095524787903,
    0.5097820162773132,
    0.42589235305786133,
    0.39056825637817383,
    0.35052645206451416,
    0.4893508553504944,
    0.43764495849609375,
    0.4946102499961853,
    0.4122123420238495,
    0.5120279788970947,
    0.5077977776527405,
    0.423151433467865,
    0.4064282476902008,
    0.4412442445755005,
    0.2861635982990265,
    0.27947065234184265,
    0.3377060294151306,
    0.39156782627105713,
    0.2888266444206238,
    0.507983922958374,
    0.6279405355453491,
    0.3816835880279541,
    0.415976881980896,
    0.41541552543640137,
    0.4281489849090576,
    0.40959393978118896,
    0.3687136173248291,
    0.3420214354991913,
    0.4964832663536072,
    0.3145059049129486,
    0.3864116668701172,
    0.5013645887374878,
    0.3158484995365143,
    0.42721372842788696,
    0.3520868718624115,
    0.5230458974838257,
    0.2851051092147827,
    0.22921736538410187,
    0.4086607098579407,
    0.46775591373443604,
    0.40768003463745117,
    0.3522273898124695,
    0.5478482842445374,
    0.4859393239021301,
    0.3636525869369507,
    0.342873752117157,
    0.38735008239746094,
    0.383855402469635,
    0.3273298442363739,
    0.37870532274246216,
    0.32742708921432495,
    0.3156258165836334,
    0.4506126940250397,
    0.4552779495716095,
    0.5268371105194092,
    0.4150063395500183,
    0.6729539632797241,
    0.3788120746612549,
    0.32397764921188354,
    0.40784135460853577,
    0.3355237543582916,
    0.3859140872955322,
    0.23863014578819275,
    0.3862256407737732,
    0.35488203167915344,
    0.32438498735427856,
    0.46538054943084717,
    0.44120490550994873,
    0.40804874897003174,
    0.47068238258361816,
    0.4723474979400635,
    0.4698454737663269,
    0.28819724917411804,
    0.46661311388015747,
    0.3204512596130371,
    0.4330841898918152,
    0.35019391775131226,
    0.35085588693618774,
    0.3212812542915344,
    0.319813072681427,
    0.3197733461856842,
    0.4071435332298279,
    0.4400465488433838,
    0.5001106262207031,
    0.46800974011421204,
    0.49709147214889526,
    0.4663090407848358,
    0.5236826539039612,
    0.3794494867324829,
    0.38027364015579224,
    0.5190240144729614,
    0.35270363092422485,
    0.3798362910747528,
    0.40798062086105347,
    0.2725317180156708,
    0.3514949083328247,
    0.4622963070869446,
    0.4356487989425659,
    0.4070679843425751,
    0.4067775011062622,
    0.4068896770477295,
    0.3795061707496643,
    0.32505854964256287,
    0.38008296489715576,
    0.24472373723983765,
    0.38152480125427246,
    0.3794451951980591,
    0.4065520167350769,
    0.46157681941986084,
    0.37921321392059326,
    0.40796729922294617,
    0.30331772565841675
  ]
}