{
  "qat_train": 13.89475690999825,
  "qat_infer": 2.3695275589998346,
  "quantized_infer": 1.542031658002088
}