{
  "qat_auc": [
    0.9909784958328649,
    0.9894915720158438
  ],
  "quantized_auc": [
    0.9909784958328649,
    0.9894915720158438
  ]
}