{
  "title": "QAT Model Loss",
  "x": [
    1,
    2,
    3,
    4,
    5,
    6,
    7,
    8,
    9,
    10,
    11,
    12,
    13,
    14,
    15,
    16,
    17,
    18,
    19,
    20,
    21,
    22,
    23,
    24,
    25,
    26,
    27,
    28,
    29,
    30,
    31,
    32,
    33,
    34,
    35,
    36,
    37,
    38,
    39,
    40,
    41,
    42,
    43,
    44,
    45,
    46,
    47,
    48,
    49,
    50,
    51,
    52,
    53,
    54,
    55,
    56,
    57,
    58,
    59,
    60,
    61,
    62,
    63,
    64,
    65,
    66,
    67,
    68,
    69,
    70,
    71,
    72,
    73,
    74,
    75,
    76,
    77,
    78,
    79,
    80,
    81,
    82,
    83,
    84,
    85,
    86,
    87,
    88,
    89,
    90,
    91,
    92,
    93,
    94,
    95,
    96,
    97,
    98,
    99,
    100,
    101,
    102,
    103,
    104,
    105,
    106,
    107,
    108,
    109,
    110,
    111,
    112,
    113,
    114,
    115,
    116,
    117,
    118,
    119,
    120,
    121,
    122
  ],
  "y": [
    0.6791893243789673,
    0.5265913009643555,
    0.9592185020446777,
    0.6544289588928223,
    0.31214383244514465,
    0.3698410093784332,
    0.43187904357910156,
    0.3575335741043091,
    0.33920353651046753,
    0.2764137387275696,
    0.34400880336761475,
    0.2781561017036438,
    0.25229498744010925,
    0.17255327105522156,
    0.3337896764278412,
    0.1547931730747223,
    0.1671966314315796,
    0.11127147078514099,
    0.05423188954591751,
    0.2725391089916229,
    0.11998007446527481,
    0.19654999673366547,
    0.1265098601579666,
    0.14106975495815277,
    0.14397135376930237,
    0.0328269861638546,
    0.047446951270103455,
    0.03490639477968216,
    0.1395047903060913,
    0.09932687878608704,
    0.042688630521297455,
    0.11044515669345856,
    0.09665488451719284,
    0.04175247251987457,
    0.05052022263407707,
    0.0559031143784523,
    0.06254913657903671,
    0.08119650930166245,
    0.14726707339286804,
    0.1868485063314438,
    0.15089952945709229,
    0.11050786077976227,
    0.06728193908929825,
    0.04632542282342911,
    0.07346414774656296,
    0.021729137748479843,
    0.021100759506225586,
    0.12022070586681366,
    0.05129966884851456,
    0.08069561421871185,
    0.11163467168807983,
    0.11840827763080597,
    0.019413884729146957,
    0.08434244990348816,
    0.10807041823863983,
    0.2233986258506775,
    0.018656205385923386,
    0.03975515812635422,
    0.06109422445297241,
    0.09006792306900024,
    0.0706905648112297,
    0.01960693672299385,
    0.021342571824789047,
    0.03095697984099388,
    0.05592547357082367,
    0.023347221314907074,
    0.03166501969099045,
    0.02249009720981121,
    0.008991002105176449,
    0.03044242598116398,
    0.03588951751589775,
    0.007983149960637093,
    0.007221738342195749,
    0.006690692156553268,
    0.01807122677564621,
    0.0038087244611233473,
    0.008323121815919876,
    0.006339020561426878,
    0.05008384957909584,
    0.09224294126033783,
    0.0015878574922680855,
    0.0029405802488327026,
    0.011673555709421635,
    0.008091458119452,
    0.0029517076909542084,
    0.00402175635099411,
    0.028306100517511368,
    0.10017041862010956,
    0.0014505318831652403,
    0.10812439769506454,
    0.06408578902482986,
    0.295624703168869,
    0.0023427314590662718,
    0.00264296168461442,
    0.04905715957283974,
    0.010871336795389652,
    0.055470481514930725,
    0.13821910321712494,
    0.05524875596165657,
    0.01298326812684536,
    0.0082939388230443,
    0.005003342404961586,
    0.009218518622219563,
    0.0021272064186632633,
    0.003871916327625513,
    0.01367734745144844,
    0.0065422868356108665,
    0.012808146886527538,
    0.0044518583454191685,
    0.07228302210569382,
    0.007536817342042923,
    0.033056482672691345,
    0.10236125439405441,
    0.03986299782991409,
    0.010098107159137726,
    0.021911203861236572,
    0.003995067439973354,
    0.1967916339635849,
    0.16070964932441711,
    0.02574627846479416,
    0.007741878274828196,
    0.036197662353515625
  ]
}