{
  "qat_train": 14.052944211998692,
  "qat_infer": 2.1256289840021054,
  "quantized_infer": 1.7824028029972396
}