{
  "qat_auc": [
    0.9864427534330448
  ],
  "quantized_auc": [
    0.9864708675388286
  ]
}