{
  "title": "QAT Model Loss",
  "x": [
    1,
    2,
    3,
    4,
    5,
    6,
    7,
    8,
    9,
    10,
    11,
    12,
    13,
    14,
    15,
    16,
    17,
    18,
    19,
    20,
    21,
    22,
    23,
    24,
    25,
    26,
    27,
    28,
    29,
    30,
    31,
    32,
    33,
    34,
    35,
    36,
    37,
    38,
    39,
    40,
    41,
    42,
    43,
    44,
    45,
    46,
    47,
    48,
    49,
    50,
    51,
    52,
    53,
    54,
    55,
    56,
    57,
    58,
    59,
    60,
    61
  ],
  "y": [
    0.36730653047561646,
    0.3834441304206848,
    0.35041937232017517,
    0.472223699092865,
    0.22697558999061584,
    0.3418275713920593,
    0.2933961749076843,
    0.40306249260902405,
    0.19714391231536865,
    0.15996429324150085,
    0.21294346451759338,
    0.15024948120117188,
    0.23047518730163574,
    0.30145978927612305,
    0.15640562772750854,
    0.11919838190078735,
    0.14574527740478516,
    0.18895602226257324,
    0.16308259963989258,
    0.14728814363479614,
    0.11269441992044449,
    0.09897449612617493,
    0.16756507754325867,
    0.05539147928357124,
    0.08942675590515137,
    0.2700434923171997,
    0.04585991054773331,
    0.04967167228460312,
    0.21721389889717102,
    0.14222122728824615,
    0.10933821648359299,
    0.09085263311862946,
    0.05772237107157707,
    0.059672608971595764,
    0.06376475840806961,
    0.10455596446990967,
    0.23294499516487122,
    0.057171281427145004,
    0.03935498744249344,
    0.12160171568393707,
    0.0922759622335434,
    0.03528645262122154,
    0.10228428244590759,
    0.047130465507507324,
    0.11726865917444229,
    0.047297775745391846,
    0.11222409456968307,
    0.03435370326042175,
    0.024129044264554977,
    0.051088668406009674,
    0.09440981596708298,
    0.07415767014026642,
    0.05657786503434181,
    0.15273812413215637,
    0.07770836353302002,
    0.09535045921802521,
    0.045472174882888794,
    0.035880930721759796,
    0.1375478059053421,
    0.051736608147621155,
    0.10532373934984207
  ]
}