{
  "qat_train": 5.256946301000426,
  "qat_infer": 0.9874590680010442,
  "quantized_infer": 1.1404115939985786
}