{
  "qat_auc": [
    0.7161162549512065,
    0.8467500093713686
  ],
  "quantized_auc": [
    0.7051455061163799,
    0.8367788731866401
  ]
}