{
  "title": "QAT Model Loss",
  "x": [
    1,
    2,
    3,
    4,
    5,
    6,
    7,
    8,
    9,
    10,
    11,
    12,
    13,
    14,
    15,
    16,
    17,
    18,
    19,
    20,
    21,
    22,
    23,
    24,
    25,
    26,
    27,
    28,
    29,
    30,
    31,
    32,
    33,
    34,
    35,
    36,
    37,
    38,
    39,
    40,
    41,
    42,
    43,
    44,
    45,
    46,
    47,
    48,
    49,
    50,
    51,
    52,
    53,
    54,
    55,
    56,
    57,
    58,
    59,
    60,
    61,
    62,
    63,
    64,
    65,
    66,
    67,
    68,
    69,
    70,
    71,
    72,
    73,
    74,
    75,
    76,
    77,
    78,
    79,
    80,
    81,
    82,
    83,
    84,
    85,
    86,
    87,
    88,
    89,
    90,
    91,
    92,
    93,
    94,
    95,
    96,
    97,
    98,
    99,
    100,
    101,
    102,
    103,
    104,
    105,
    106,
    107,
    108,
    109,
    110,
    111,
    112,
    113,
    114,
    115,
    116,
    117,
    118,
    119,
    120,
    121,
    122
  ],
  "y": [
    0.7411085367202759,
    0.7533657550811768,
    0.42947596311569214,
    0.46916478872299194,
    0.474864661693573,
    0.45939701795578003,
    0.3770413398742676,
    0.43750816583633423,
    0.5022923946380615,
    0.37820136547088623,
    0.4451763927936554,
    0.4118654727935791,
    0.22201693058013916,
    0.4098290205001831,
    0.5366422533988953,
    0.2571159303188324,
    0.31879687309265137,
    0.34638965129852295,
    0.43767520785331726,
    0.43806546926498413,
    0.40684524178504944,
    0.4353116750717163,
    0.3200005292892456,
    0.3215913474559784,
    0.4343360364437103,
    0.34820830821990967,
    0.4056060314178467,
    0.4343612790107727,
    0.49297600984573364,
    0.3756190836429596,
    0.377224326133728,
    0.5124508142471313,
    0.297457754611969,
    0.40406516194343567,
    0.3228001594543457,
    0.4851022958755493,
    0.428851842880249,
    0.4017994999885559,
    0.3166019916534424,
    0.28619489073753357,
    0.45779016613960266,
    0.36202317476272583,
    0.3057371973991394,
    0.40004128217697144,
    0.4662631154060364,
    0.30589741468429565,
    0.4789331555366516,
    0.36380159854888916,
    0.4203760027885437,
    0.46397048234939575,
    0.28141966462135315,
    0.46284303069114685,
    0.4900917410850525,
    0.42003333568573,
    0.30172407627105713,
    0.23566782474517822,
    0.39387908577919006,
    0.3285861611366272,
    0.24664895236492157,
    0.27418145537376404,
    0.35840925574302673,
    0.36477208137512207,
    0.40383613109588623,
    0.4608137011528015,
    0.28587114810943604,
    0.28733575344085693,
    0.42859014868736267,
    0.29725831747055054,
    0.4045998454093933,
    0.24374037981033325,
    0.364779531955719,
    0.38299208879470825,
    0.44019556045532227,
    0.2466849982738495,
    0.2795848250389099,
    0.4733791947364807,
    0.3574340045452118,
    0.3145912289619446,
    0.36287838220596313,
    0.2566896677017212,
    0.33216437697410583,
    0.37806448340415955,
    0.33617842197418213,
    0.3823540210723877,
    0.30533623695373535,
    0.32737427949905396,
    0.2529125213623047,
    0.3186550438404083,
    0.20937231183052063,
    0.28373634815216064,
    0.3705114722251892,
    0.2603183388710022,
    0.2930894196033478,
    0.313346803188324,
    0.3089224100112915,
    0.2310926616191864,
    0.2352386862039566,
    0.44362306594848633,
    0.24185210466384888,
    0.28951433300971985,
    0.24811625480651855,
    0.24948568642139435,
    0.19480690360069275,
    0.37790295481681824,
    0.40129607915878296,
    0.23987646400928497,
    0.2190747857093811,
    0.3071569800376892,
    0.37719714641571045,
    0.31877386569976807,
    0.24223501980304718,
    0.3247995376586914,
    0.22822967171669006,
    0.4521845579147339,
    0.24914482235908508,
    0.49804848432540894,
    0.28739485144615173,
    0.3358312249183655,
    0.3399013876914978,
    0.2853033244609833,
    0.451668918132782,
    0.38219332695007324
  ]
}