{
  "qat_train": 22.6376624250006,
  "qat_infer": 4.288567593001062,
  "quantized_infer": 3.106449982999038
}