{
  "qat_auc": [
    0.9924154390173807
  ],
  "quantized_auc": [
    0.9922717446989291
  ]
}