{
  "title": "QAT Model Loss",
  "x": [
    1,
    2,
    3,
    4,
    5,
    6,
    7,
    8,
    9,
    10,
    11,
    12,
    13,
    14,
    15,
    16,
    17,
    18,
    19,
    20,
    21,
    22,
    23,
    24,
    25,
    26,
    27,
    28,
    29,
    30,
    31,
    32,
    33,
    34,
    35,
    36,
    37,
    38,
    39,
    40,
    41,
    42,
    43,
    44,
    45,
    46,
    47,
    48,
    49,
    50,
    51,
    52,
    53,
    54,
    55,
    56,
    57,
    58,
    59,
    60,
    61
  ],
  "y": [
    0.4107401967048645,
    0.4282638430595398,
    0.29512619972229004,
    0.28569841384887695,
    0.3673497438430786,
    0.14063653349876404,
    0.26222094893455505,
    0.039958689361810684,
    0.09062038362026215,
    0.17999717593193054,
    0.07401290535926819,
    0.22617456316947937,
    0.10535843670368195,
    0.20486703515052795,
    0.17076000571250916,
    0.08385749161243439,
    0.0542997308075428,
    0.07595004141330719,
    0.2402498424053192,
    0.24636763334274292,
    0.07439595460891724,
    0.09024307876825333,
    0.18440154194831848,
    0.024605531245470047,
    0.06427343934774399,
    0.038824066519737244,
    0.026729276403784752,
    0.12536703050136566,
    0.05058818310499191,
    0.008271719329059124,
    0.04764772951602936,
    0.1548583209514618,
    0.09663664549589157,
    0.05976276472210884,
    0.06107915937900543,
    0.14510990679264069,
    0.056349873542785645,
    0.024638958275318146,
    0.02685205265879631,
    0.05142305791378021,
    0.02477734535932541,
    0.058554746210575104,
    0.015440909191966057,
    0.21431252360343933,
    0.06454110890626907,
    0.03176068887114525,
    0.032674867659807205,
    0.03580692037940025,
    0.03857332095503807,
    0.024728072807192802,
    0.019719619303941727,
    0.05992858484387398,
    0.06950553506612778,
    0.044528380036354065,
    0.25411367416381836,
    0.02680734544992447,
    0.066037118434906,
    0.058378081768751144,
    0.016944361850619316,
    0.01505382638424635,
    0.12364904582500458
  ]
}