{
  "qat_train": 5.466432370998518,
  "qat_infer": 0.9993523609991826,
  "quantized_infer": 1.118872865998128
}