{
  "qat_auc": [
    0.9808980270145319,
    0.9890354987442367
  ],
  "quantized_auc": [
    0.9808980270145319,
    0.9890354987442367
  ]
}