{
  "title": "QAT Model Loss",
  "x": [
    1,
    2,
    3,
    4,
    5,
    6,
    7,
    8,
    9,
    10,
    11,
    12,
    13,
    14,
    15,
    16,
    17,
    18,
    19,
    20,
    21,
    22,
    23,
    24,
    25,
    26,
    27,
    28,
    29,
    30,
    31,
    32,
    33,
    34,
    35,
    36,
    37,
    38,
    39,
    40,
    41,
    42,
    43,
    44,
    45,
    46,
    47,
    48,
    49,
    50,
    51,
    52,
    53,
    54,
    55,
    56,
    57,
    58,
    59,
    60,
    61,
    62,
    63,
    64,
    65,
    66,
    67,
    68,
    69,
    70,
    71,
    72,
    73,
    74,
    75,
    76,
    77,
    78,
    79,
    80,
    81,
    82,
    83,
    84,
    85,
    86,
    87,
    88,
    89,
    90,
    91,
    92,
    93,
    94,
    95,
    96,
    97,
    98,
    99,
    100,
    101,
    102,
    103,
    104,
    105,
    106,
    107,
    108,
    109,
    110,
    111,
    112,
    113,
    114,
    115,
    116,
    117,
    118,
    119,
    120,
    121,
    122
  ],
  "y": [
    0.6782313585281372,
    2.3321163654327393,
    0.41895052790641785,
    0.4785618185997009,
    0.4916464686393738,
    0.3413419723510742,
    0.43637534976005554,
    0.5058279633522034,
    0.47147393226623535,
    0.48456233739852905,
    0.35720425844192505,
    0.35174083709716797,
    0.30786335468292236,
    0.567740261554718,
    0.4779331088066101,
    0.296764612197876,
    0.4281875193119049,
    0.3638427257537842,
    0.21264411509037018,
    0.3847973346710205,
    0.4637133479118347,
    0.4112492799758911,
    0.38508403301239014,
    0.23098224401474,
    0.2589792013168335,
    0.39087629318237305,
    0.2466212511062622,
    0.1982295662164688,
    0.22994884848594666,
    0.22640426456928253,
    0.24036598205566406,
    0.28932222723960876,
    0.17268486320972443,
    0.10831283777952194,
    0.07568550109863281,
    0.1311085969209671,
    0.15408504009246826,
    0.13647721707820892,
    0.21500420570373535,
    0.12245924770832062,
    0.03675004839897156,
    0.10140964388847351,
    0.13846297562122345,
    0.2192406952381134,
    0.13186120986938477,
    0.20853590965270996,
    0.23324263095855713,
    0.100186288356781,
    0.11977753788232803,
    0.19862326979637146,
    0.054564185440540314,
    0.09292805939912796,
    0.2269602119922638,
    0.12446373701095581,
    0.05955153703689575,
    0.08192737400531769,
    0.2332712858915329,
    0.05508491396903992,
    0.120660200715065,
    0.12240388989448547,
    0.07257512956857681,
    0.1454503834247589,
    0.04960549622774124,
    0.04762934148311615,
    0.015598142519593239,
    0.03613267093896866,
    0.03529726713895798,
    0.015466693788766861,
    0.046840980648994446,
    0.034130699932575226,
    0.12704084813594818,
    0.16738218069076538,
    0.056017398834228516,
    0.06402568519115448,
    0.11056682467460632,
    0.09142360836267471,
    0.014585400931537151,
    0.04131139814853668,
    0.10116693377494812,
    0.1805214285850525,
    0.08862373232841492,
    0.055067747831344604,
    0.1700056940317154,
    0.07970667630434036,
    0.11654326319694519,
    0.012209190055727959,
    0.07924138754606247,
    0.013022691942751408,
    0.00884435884654522,
    0.21802257001399994,
    0.21494723856449127,
    0.0417589470744133,
    0.03570353239774704,
    0.06082025170326233,
    0.010639423504471779,
    0.1707349419593811,
    0.006531672552227974,
    0.2114885002374649,
    0.014554847031831741,
    0.06995335966348648,
    0.014928385615348816,
    0.009034687653183937,
    0.08018453419208527,
    0.04572267457842827,
    0.07216054201126099,
    0.08364218473434448,
    0.011830801144242287,
    0.08319050818681717,
    0.0938463881611824,
    0.014831846579909325,
    0.11007045209407806,
    0.014729678630828857,
    0.04026798531413078,
    0.012750952504575253,
    0.020608533173799515,
    0.051780231297016144,
    0.022103559225797653,
    0.009283771738409996,
    0.016927162185311317,
    0.014654376544058323,
    0.01187388226389885,
    0.05095832049846649
  ]
}