{
  "qat_train": 14.304193128999032,
  "qat_infer": 2.1157688410021365,
  "quantized_infer": 1.7547272720003093
}