{
  "qat_auc": [
    0.9841405205482876,
    0.9870019117591934
  ],
  "quantized_auc": [
    0.9841436443378191,
    0.9870019117591934
  ]
}