{
  "title": "QAT Model Loss",
  "x": [
    1,
    2,
    3,
    4,
    5,
    6,
    7,
    8,
    9,
    10,
    11,
    12,
    13,
    14,
    15,
    16,
    17,
    18,
    19,
    20,
    21,
    22,
    23,
    24,
    25,
    26,
    27,
    28,
    29,
    30,
    31,
    32,
    33,
    34,
    35,
    36,
    37,
    38,
    39,
    40,
    41,
    42,
    43,
    44,
    45,
    46,
    47,
    48,
    49,
    50,
    51,
    52,
    53,
    54,
    55,
    56,
    57,
    58,
    59,
    60,
    61,
    62,
    63,
    64,
    65,
    66,
    67,
    68,
    69,
    70,
    71,
    72,
    73,
    74,
    75,
    76,
    77,
    78,
    79,
    80,
    81,
    82,
    83,
    84,
    85,
    86,
    87,
    88,
    89,
    90,
    91,
    92,
    93,
    94,
    95,
    96,
    97,
    98,
    99,
    100,
    101,
    102,
    103,
    104,
    105,
    106,
    107,
    108,
    109,
    110,
    111,
    112,
    113,
    114,
    115,
    116,
    117,
    118,
    119,
    120,
    121,
    122
  ],
  "y": [
    0.4614449143409729,
    0.5735989809036255,
    0.6303408145904541,
    0.6198683977127075,
    0.5726199150085449,
    0.58323073387146,
    0.5622920989990234,
    0.5152558088302612,
    0.4211539030075073,
    0.498629629611969,
    0.39750686287879944,
    0.36515817046165466,
    0.2685987949371338,
    0.3706361651420593,
    0.2690451741218567,
    0.47539833188056946,
    0.31358057260513306,
    0.31388700008392334,
    0.39988160133361816,
    0.37776297330856323,
    0.2865196466445923,
    0.44996941089630127,
    0.2957579493522644,
    0.25743699073791504,
    0.26748648285865784,
    0.2921486496925354,
    0.26539939641952515,
    0.26980841159820557,
    0.2316390424966812,
    0.30198934674263,
    0.2360844761133194,
    0.12152870744466782,
    0.08489788323640823,
    0.20095986127853394,
    0.13696449995040894,
    0.12564367055892944,
    0.1563350409269333,
    0.09911246597766876,
    0.09461776167154312,
    0.12230518460273743,
    0.10915180295705795,
    0.22077621519565582,
    0.09922637045383453,
    0.11009665578603745,
    0.08150064945220947,
    0.08065846562385559,
    0.04987109452486038,
    0.14394709467887878,
    0.3557567596435547,
    0.1266617774963379,
    0.07600867748260498,
    0.1163739562034607,
    0.04304993525147438,
    0.0553230382502079,
    0.0852479636669159,
    0.0783274844288826,
    0.07874209433794022,
    0.0521920807659626,
    0.1058916300535202,
    0.058987367898225784,
    0.1511339545249939,
    0.037715524435043335,
    0.13492092490196228,
    0.021029295399785042,
    0.06366968899965286,
    0.019775446504354477,
    0.08122885972261429,
    0.03430657461285591,
    0.10536624491214752,
    0.049724821001291275,
    0.054573893547058105,
    0.042386457324028015,
    0.11515399813652039,
    0.026304977014660835,
    0.04720908775925636,
    0.03160640224814415,
    0.02637505903840065,
    0.04059159755706787,
    0.010848729871213436,
    0.028615400195121765,
    0.02880239486694336,
    0.11708661913871765,
    0.03335017338395119,
    0.03863886743783951,
    0.0311468206346035,
    0.016253255307674408,
    0.12125145643949509,
    0.024089932441711426,
    0.025022640824317932,
    0.025153227150440216,
    0.01789521425962448,
    0.056890346109867096,
    0.017886251211166382,
    0.02198921889066696,
    0.0540466271340847,
    0.04259488731622696,
    0.12256548553705215,
    0.012769836001098156,
    0.05847068130970001,
    0.029372164979577065,
    0.06746459007263184,
    0.08641381561756134,
    0.021272093057632446,
    0.033272456377744675,
    0.017560357227921486,
    0.23096437752246857,
    0.020684070885181427,
    0.1030062735080719,
    0.12514470517635345,
    0.03195653483271599,
    0.1759704202413559,
    0.12919172644615173,
    0.028808332979679108,
    0.0953257828950882,
    0.07611236721277237,
    0.0216524600982666,
    0.0752410739660263,
    0.015787608921527863,
    0.01319241151213646,
    0.04243149980902672,
    0.08754510432481766,
    0.08854907006025314
  ]
}