{
  "qat_train": 13.994053640999482,
  "qat_infer": 2.371236562001286,
  "quantized_infer": 1.5243646999988414
}