{
  "qat_auc": [
    0.9847933925603828
  ],
  "quantized_auc": [
    0.9847933925603828
  ]
}