{
  "title": "QAT Model Loss",
  "x": [
    1,
    2,
    3,
    4,
    5,
    6,
    7,
    8,
    9,
    10,
    11,
    12,
    13,
    14,
    15,
    16,
    17,
    18,
    19,
    20,
    21,
    22,
    23,
    24,
    25,
    26,
    27,
    28,
    29,
    30,
    31,
    32,
    33,
    34,
    35,
    36,
    37,
    38,
    39,
    40,
    41,
    42,
    43,
    44,
    45,
    46,
    47,
    48,
    49,
    50,
    51,
    52,
    53,
    54,
    55,
    56,
    57,
    58,
    59,
    60,
    61
  ],
  "y": [
    0.6837431192398071,
    0.5854476094245911,
    0.26265770196914673,
    0.5602760314941406,
    0.21872150897979736,
    0.2677735984325409,
    0.24939870834350586,
    0.2807062864303589,
    0.22885160148143768,
    0.3601689338684082,
    0.1160830706357956,
    0.16704161465168,
    0.13518327474594116,
    0.25327926874160767,
    0.18832260370254517,
    0.17397688329219818,
    0.33023181557655334,
    0.45499706268310547,
    0.07075944542884827,
    0.26179757714271545,
    0.12991538643836975,
    0.06280029565095901,
    0.17196351289749146,
    0.13342878222465515,
    0.1412719488143921,
    0.1399713009595871,
    0.10776910930871964,
    0.10830498486757278,
    0.1240198016166687,
    0.07427135109901428,
    0.11553763598203659,
    0.05295233428478241,
    0.058857932686805725,
    0.023134199902415276,
    0.23548129200935364,
    0.10264838486909866,
    0.04329157620668411,
    0.01458346750587225,
    0.19542181491851807,
    0.03907715529203415,
    0.03672172129154205,
    0.06667088717222214,
    0.09757514297962189,
    0.08461450040340424,
    0.01751727983355522,
    0.0659496858716011,
    0.04648367315530777,
    0.10221372544765472,
    0.05756676569581032,
    0.02564779296517372,
    0.02158505469560623,
    0.07147081196308136,
    0.12711112201213837,
    0.02572546899318695,
    0.176731139421463,
    0.060958683490753174,
    0.06973787397146225,
    0.019184857606887817,
    0.14104852080345154,
    0.07383555173873901,
    0.11371778696775436
  ]
}