{
  "qat_train": 7.0483131959990715,
  "qat_infer": 1.0674723199990694,
  "quantized_infer": 0.8727373860019725
}