{
  "qat_auc": [
    0.9858055003686071
  ],
  "quantized_auc": [
    0.9858055003686071
  ]
}