{
  "title": "QAT Model Loss",
  "x": [
    1,
    2,
    3,
    4,
    5,
    6,
    7,
    8,
    9,
    10,
    11,
    12,
    13,
    14,
    15,
    16,
    17,
    18,
    19,
    20,
    21,
    22,
    23,
    24,
    25,
    26,
    27,
    28,
    29,
    30,
    31,
    32,
    33,
    34,
    35,
    36,
    37,
    38,
    39,
    40,
    41,
    42,
    43,
    44,
    45,
    46,
    47,
    48,
    49,
    50,
    51,
    52,
    53,
    54,
    55,
    56,
    57,
    58,
    59,
    60,
    61
  ],
  "y": [
    0.6860883831977844,
    0.6402746438980103,
    0.5625491142272949,
    0.4828023910522461,
    0.4190026819705963,
    0.4385673701763153,
    0.3843604326248169,
    0.26605892181396484,
    0.3083474934101105,
    0.3018574118614197,
    0.28845205903053284,
    0.22042912244796753,
    0.15114176273345947,
    0.17645424604415894,
    0.08934837579727173,
    0.12314917892217636,
    0.22787582874298096,
    0.22670260071754456,
    0.26530975103378296,
    0.132382333278656,
    0.19375205039978027,
    0.11685948073863983,
    0.11953837424516678,
    0.15387924015522003,
    0.09447932243347168,
    0.09545044600963593,
    0.23526251316070557,
    0.18250855803489685,
    0.09754251688718796,
    0.16184622049331665,
    0.12539781630039215,
    0.1311110258102417,
    0.19136637449264526,
    0.5041723847389221,
    0.18708299100399017,
    0.10133384168148041,
    0.1017770916223526,
    0.0949971154332161,
    0.14105689525604248,
    0.059601154178380966,
    0.056977350264787674,
    0.07136058807373047,
    0.2687832713127136,
    0.09462085366249084,
    0.24839363992214203,
    0.10112805664539337,
    0.060425207018852234,
    0.030316105112433434,
    0.11247828602790833,
    0.08555783331394196,
    0.08033141493797302,
    0.01896577514708042,
    0.03344537317752838,
    0.14592823386192322,
    0.0797378197312355,
    0.0494636707007885,
    0.07771040499210358,
    0.13770143687725067,
    0.038465820252895355,
    0.08038979768753052,
    0.06002602353692055
  ]
}