{
  "qat_train": 7.297334009999759,
  "qat_infer": 1.0658801709978434,
  "quantized_infer": 0.897485803001473
}