{
  "qat_auc": [
    0.9781834539116093
  ],
  "quantized_auc": [
    0.9778585798003273
  ]
}