{
  "title": "QAT Model Loss",
  "x": [
    1,
    2,
    3,
    4,
    5,
    6,
    7,
    8,
    9,
    10,
    11,
    12,
    13,
    14,
    15,
    16,
    17,
    18,
    19,
    20,
    21,
    22,
    23,
    24,
    25,
    26,
    27,
    28,
    29,
    30,
    31,
    32,
    33,
    34,
    35,
    36,
    37,
    38,
    39,
    40,
    41,
    42,
    43,
    44,
    45,
    46,
    47,
    48,
    49,
    50,
    51,
    52,
    53,
    54,
    55,
    56,
    57,
    58,
    59,
    60,
    61
  ],
  "y": [
    0.4421563148498535,
    0.34025001525878906,
    0.35532620549201965,
    0.3971526324748993,
    0.3706485629081726,
    0.4183071255683899,
    0.3584170341491699,
    0.27825963497161865,
    0.33973193168640137,
    0.3439600169658661,
    0.2925826907157898,
    0.25751370191574097,
    0.33184361457824707,
    0.3078063130378723,
    0.2759419083595276,
    0.3186490833759308,
    0.30614572763442993,
    0.16638624668121338,
    0.20917969942092896,
    0.2876995801925659,
    0.19825132191181183,
    0.2950437068939209,
    0.28730708360671997,
    0.1510559618473053,
    0.14524529874324799,
    0.24068403244018555,
    0.18704327940940857,
    0.12326247245073318,
    0.14792725443840027,
    0.14398504793643951,
    0.10733300447463989,
    0.15031912922859192,
    0.1804705560207367,
    0.26756414771080017,
    0.12720443308353424,
    0.12146110832691193,
    0.09742145240306854,
    0.1045127660036087,
    0.12996087968349457,
    0.12408678978681564,
    0.15717147290706635,
    0.13597920536994934,
    0.18606635928153992,
    0.11121045053005219,
    0.0996934249997139,
    0.25717687606811523,
    0.14673489332199097,
    0.21670794486999512,
    0.1487864851951599,
    0.11249513179063797,
    0.10694026947021484,
    0.09735646843910217,
    0.09169036149978638,
    0.18560215830802917,
    0.13832862675189972,
    0.17443257570266724,
    0.30065321922302246,
    0.10056053102016449,
    0.22965258359909058,
    0.1352257877588272,
    0.10962491482496262
  ]
}