{
  "qat_train": 5.674039812001865,
  "qat_infer": 0.9973944779994781,
  "quantized_infer": 1.1435516179990373
}