{
  "qat_auc": [
    0.676384775899339,
    0.840449325886219
  ],
  "quantized_auc": [
    0.676384775899339,
    0.840449325886219
  ]
}