{
  "title": "QAT Model Loss",
  "x": [
    1,
    2,
    3,
    4,
    5,
    6,
    7,
    8,
    9,
    10,
    11,
    12,
    13,
    14,
    15,
    16,
    17,
    18,
    19,
    20,
    21,
    22,
    23,
    24,
    25,
    26,
    27,
    28,
    29,
    30,
    31,
    32,
    33,
    34,
    35,
    36,
    37,
    38,
    39,
    40,
    41,
    42,
    43,
    44,
    45,
    46,
    47,
    48,
    49,
    50,
    51,
    52,
    53,
    54,
    55,
    56,
    57,
    58,
    59,
    60,
    61,
    62,
    63,
    64,
    65,
    66,
    67,
    68,
    69,
    70,
    71,
    72,
    73,
    74,
    75,
    76,
    77,
    78,
    79,
    80,
    81,
    82,
    83,
    84,
    85,
    86,
    87,
    88,
    89,
    90,
    91,
    92,
    93,
    94,
    95,
    96,
    97,
    98,
    99,
    100,
    101,
    102,
    103,
    104,
    105,
    106,
    107,
    108,
    109,
    110,
    111,
    112,
    113,
    114,
    115,
    116,
    117,
    118,
    119,
    120,
    121,
    122
  ],
  "y": [
    0.37938880920410156,
    0.5993093252182007,
    0.5930271148681641,
    0.6051778793334961,
    0.5435870289802551,
    0.5295794010162354,
    0.5454909205436707,
    0.49671655893325806,
    0.5403749942779541,
    0.6380778551101685,
    0.6204286813735962,
    0.6209642887115479,
    0.6320984363555908,
    0.6032462120056152,
    0.6303490400314331,
    0.5866550207138062,
    0.5985761880874634,
    0.5832589268684387,
    0.5612290501594543,
    0.6206822395324707,
    0.5854170918464661,
    0.5595660209655762,
    0.5436933040618896,
    0.5616950988769531,
    0.540529727935791,
    0.5116421580314636,
    0.5535193085670471,
    0.5297478437423706,
    0.5343151688575745,
    0.5262160897254944,
    0.5029323697090149,
    0.5643073320388794,
    0.5113152861595154,
    0.5646809935569763,
    0.47928473353385925,
    0.5337173342704773,
    0.5018114447593689,
    0.4383382499217987,
    0.5791733264923096,
    0.4715734124183655,
    0.460263729095459,
    0.5113703012466431,
    0.475538969039917,
    0.4955562353134155,
    0.46908485889434814,
    0.4982722997665405,
    0.44894832372665405,
    0.4125942289829254,
    0.4469742774963379,
    0.4153284430503845,
    0.4086410105228424,
    0.47517484426498413,
    0.4038528800010681,
    0.4562045931816101,
    0.5143259763717651,
    0.36641502380371094,
    0.35037410259246826,
    0.4860217869281769,
    0.4340645670890808,
    0.39009517431259155,
    0.3564984202384949,
    0.448946475982666,
    0.44975990056991577,
    0.4155520498752594,
    0.3773384094238281,
    0.3845173120498657,
    0.44247540831565857,
    0.4603327810764313,
    0.41702958941459656,
    0.4180302619934082,
    0.397112101316452,
    0.4112299084663391,
    0.4195792078971863,
    0.45241355895996094,
    0.45931553840637207,
    0.3482382297515869,
    0.34905290603637695,
    0.3836910128593445,
    0.4593100845813751,
    0.47835296392440796,
    0.4266389310359955,
    0.2855531573295593,
    0.48607131838798523,
    0.35275378823280334,
    0.3942367434501648,
    0.318281888961792,
    0.40089187026023865,
    0.35950392484664917,
    0.486614853143692,
    0.3143799304962158,
    0.44737914204597473,
    0.33519673347473145,
    0.4161844551563263,
    0.40734416246414185,
    0.3644307553768158,
    0.3527243733406067,
    0.5023609399795532,
    0.435864120721817,
    0.3601698875427246,
    0.36841917037963867,
    0.4029538929462433,
    0.3745158910751343,
    0.33868512511253357,
    0.32461610436439514,
    0.2907465696334839,
    0.37222158908843994,
    0.4104207158088684,
    0.36658650636672974,
    0.4205451011657715,
    0.3855914771556854,
    0.35274067521095276,
    0.403032124042511,
    0.2787659168243408,
    0.42545443773269653,
    0.3883030414581299,
    0.2985665798187256,
    0.35637566447257996,
    0.3995542824268341,
    0.5267825126647949,
    0.3058433532714844,
    0.30574923753738403,
    0.3505173921585083
  ]
}