{
  "qat_train": 13.609532285001478,
  "qat_infer": 2.33803231300044,
  "quantized_infer": 1.4827237019999302
}