{
  "qat_auc": [
    0.48267546325798755
  ],
  "quantized_auc": [
    0.48267546325798755
  ]
}