{
  "title": "QAT Model Loss",
  "x": [
    1,
    2,
    3,
    4,
    5,
    6,
    7,
    8,
    9,
    10,
    11,
    12,
    13,
    14,
    15,
    16,
    17,
    18,
    19,
    20,
    21,
    22,
    23,
    24,
    25,
    26,
    27,
    28,
    29,
    30,
    31,
    32,
    33,
    34,
    35,
    36,
    37,
    38,
    39,
    40,
    41,
    42,
    43,
    44,
    45,
    46,
    47,
    48,
    49,
    50,
    51,
    52,
    53,
    54,
    55,
    56,
    57,
    58,
    59,
    60,
    61
  ],
  "y": [
    0.4254467189311981,
    0.5699480772018433,
    0.5792142152786255,
    0.5268705487251282,
    0.5069566369056702,
    0.4970190227031708,
    0.5193885564804077,
    0.5288748741149902,
    0.4989376664161682,
    0.6318206787109375,
    0.6450773477554321,
    0.6261531114578247,
    0.6258745193481445,
    0.6045972108840942,
    0.6144362688064575,
    0.5855064392089844,
    0.569358229637146,
    0.5926278829574585,
    0.5727272033691406,
    0.5811318159103394,
    0.5782344341278076,
    0.5732170939445496,
    0.5206230878829956,
    0.5834167003631592,
    0.6003016233444214,
    0.5050750970840454,
    0.47346192598342896,
    0.5771561861038208,
    0.5193741321563721,
    0.5530723333358765,
    0.5101413726806641,
    0.48956409096717834,
    0.5101073980331421,
    0.5223959684371948,
    0.5098769068717957,
    0.49272963404655457,
    0.4738953411579132,
    0.5261877775192261,
    0.5287511348724365,
    0.5111461877822876,
    0.46195170283317566,
    0.4839339852333069,
    0.4935287833213806,
    0.5049976110458374,
    0.5290820598602295,
    0.46688175201416016,
    0.46814534068107605,
    0.4520391523838043,
    0.529075562953949,
    0.5074139833450317,
    0.4646124243736267,
    0.4893054962158203,
    0.49853530526161194,
    0.5065526962280273,
    0.4668174088001251,
    0.4736127257347107,
    0.48999083042144775,
    0.45240354537963867,
    0.5679609775543213,
    0.5570998787879944,
    0.5124512314796448
  ]
}