{
  "qat_train": 6.931710185999691,
  "qat_infer": 1.1884136090011452,
  "quantized_infer": 0.7599178610034869
}