{
  "qat_auc": [
    0.9843654333945596,
    0.9882607989404105
  ],
  "quantized_auc": [
    0.9825036548337519,
    0.9856774249978132
  ]
}