{
  "title": "QAT Model Loss",
  "x": [
    1,
    2,
    3,
    4,
    5,
    6,
    7,
    8,
    9,
    10,
    11,
    12,
    13,
    14,
    15,
    16,
    17,
    18,
    19,
    20,
    21,
    22,
    23,
    24,
    25,
    26,
    27,
    28,
    29,
    30,
    31,
    32,
    33,
    34,
    35,
    36,
    37,
    38,
    39,
    40,
    41,
    42,
    43,
    44,
    45,
    46,
    47,
    48,
    49,
    50,
    51,
    52,
    53,
    54,
    55,
    56,
    57,
    58,
    59,
    60,
    61,
    62,
    63,
    64,
    65,
    66,
    67,
    68,
    69,
    70,
    71,
    72,
    73,
    74,
    75,
    76,
    77,
    78,
    79,
    80,
    81,
    82,
    83,
    84,
    85,
    86,
    87,
    88,
    89,
    90,
    91,
    92,
    93,
    94,
    95,
    96,
    97,
    98,
    99,
    100,
    101,
    102,
    103,
    104,
    105,
    106,
    107,
    108,
    109,
    110,
    111,
    112,
    113,
    114,
    115,
    116,
    117,
    118,
    119,
    120,
    121,
    122
  ],
  "y": [
    0.728922963142395,
    0.38952022790908813,
    0.4983185827732086,
    0.3334882855415344,
    0.306093692779541,
    0.30094337463378906,
    0.5543270111083984,
    0.3769145607948303,
    0.34968167543411255,
    0.34667354822158813,
    0.512901782989502,
    0.31927984952926636,
    0.49772605299949646,
    0.33820420503616333,
    0.40724045038223267,
    0.41829386353492737,
    0.3122708797454834,
    0.3636811673641205,
    0.3490031361579895,
    0.37439095973968506,
    0.34900158643722534,
    0.22327861189842224,
    0.2858448028564453,
    0.2921883463859558,
    0.2870088517665863,
    0.14858004450798035,
    0.4507996439933777,
    0.37571626901626587,
    0.3013182580471039,
    0.40057069063186646,
    0.3623954951763153,
    0.3027329742908478,
    0.319149911403656,
    0.20026960968971252,
    0.46698594093322754,
    0.2429056465625763,
    0.16332602500915527,
    0.21180857717990875,
    0.3542386293411255,
    0.1824968159198761,
    0.23197153210639954,
    0.25511834025382996,
    0.16099810600280762,
    0.11165981739759445,
    0.21181854605674744,
    0.18556256592273712,
    0.1436968296766281,
    0.17185871303081512,
    0.1490037590265274,
    0.12992224097251892,
    0.11818186193704605,
    0.11516433954238892,
    0.203260600566864,
    0.14106978476047516,
    0.14291912317276,
    0.1345050036907196,
    0.13342049717903137,
    0.07758766412734985,
    0.09670817852020264,
    0.11937229335308075,
    0.05437401309609413,
    0.029841570183634758,
    0.12711912393569946,
    0.04658813029527664,
    0.09888540208339691,
    0.020960532128810883,
    0.02395169995725155,
    0.07784385234117508,
    0.026315629482269287,
    0.027818813920021057,
    0.10611850023269653,
    0.08054878562688828,
    0.1792972981929779,
    0.04724942520260811,
    0.10267287492752075,
    0.028411611914634705,
    0.01839839294552803,
    0.11602651327848434,
    0.06933056563138962,
    0.006341382395476103,
    0.3614157438278198,
    0.13772040605545044,
    0.04825828969478607,
    0.07959684729576111,
    0.05233525112271309,
    0.12873555719852448,
    0.06775787472724915,
    0.12634003162384033,
    0.14178770780563354,
    0.051505252718925476,
    0.0847354605793953,
    0.06853453814983368,
    0.02580132894217968,
    0.04483180120587349,
    0.2753123939037323,
    0.03061518631875515,
    0.08614104986190796,
    0.03238717466592789,
    0.11798059940338135,
    0.01404036395251751,
    0.10734561085700989,
    0.049227990210056305,
    0.029971756041049957,
    0.08631525933742523,
    0.019678957760334015,
    0.030993744730949402,
    0.045064233243465424,
    0.12009398639202118,
    0.02705666795372963,
    0.05380383878946304,
    0.04228135943412781,
    0.060467205941677094,
    0.03225347399711609,
    0.02455034852027893,
    0.11186211556196213,
    0.032377101480960846,
    0.0932743102312088,
    0.019782427698373795,
    0.029754798859357834,
    0.12187396734952927,
    0.08173537254333496,
    0.08284427225589752
  ]
}