{
  "qat_train": 21.539011573000607,
  "qat_infer": 4.179540974000702,
  "quantized_infer": 3.0923061480025353
}