{
  "qat_auc": [
    0.9915345303694818,
    0.991934375429521
  ],
  "quantized_auc": [
    0.9915345303694818,
    0.9919343754295211
  ]
}