{
  "title": "QAT Model Loss",
  "x": [
    1,
    2,
    3,
    4,
    5,
    6,
    7,
    8,
    9,
    10,
    11,
    12,
    13,
    14,
    15,
    16,
    17,
    18,
    19,
    20,
    21,
    22,
    23,
    24,
    25,
    26,
    27,
    28,
    29,
    30,
    31,
    32,
    33,
    34,
    35,
    36,
    37,
    38,
    39,
    40,
    41,
    42,
    43,
    44,
    45,
    46,
    47,
    48,
    49,
    50,
    51,
    52,
    53,
    54,
    55,
    56,
    57,
    58,
    59,
    60,
    61,
    62,
    63,
    64,
    65,
    66,
    67,
    68,
    69,
    70,
    71,
    72,
    73,
    74,
    75,
    76,
    77,
    78,
    79,
    80,
    81,
    82,
    83,
    84,
    85,
    86,
    87,
    88,
    89,
    90,
    91,
    92,
    93,
    94,
    95,
    96,
    97,
    98,
    99,
    100,
    101,
    102,
    103,
    104,
    105,
    106,
    107,
    108,
    109,
    110,
    111,
    112,
    113,
    114,
    115,
    116,
    117,
    118,
    119,
    120,
    121,
    122
  ],
  "y": [
    0.4237525165081024,
    0.6195312738418579,
    0.5803432464599609,
    0.47172224521636963,
    0.513676643371582,
    0.3830813765525818,
    0.36353379487991333,
    0.44057735800743103,
    0.20215752720832825,
    0.24597905576229095,
    0.4457760453224182,
    0.2354743778705597,
    0.33956265449523926,
    0.24831920862197876,
    0.1394190937280655,
    0.333257794380188,
    0.13691446185112,
    0.1511233001947403,
    0.11506793648004532,
    0.1506563127040863,
    0.07247714698314667,
    0.12027604877948761,
    0.15614068508148193,
    0.04698512703180313,
    0.07146278023719788,
    0.12443335354328156,
    0.10344886779785156,
    0.08606686443090439,
    0.030780095607042313,
    0.11969279497861862,
    0.01467475388199091,
    0.2281721532344818,
    0.2162790596485138,
    0.06657029688358307,
    0.0839364305138588,
    0.12187016755342484,
    0.023587988689541817,
    0.13533031940460205,
    0.039075396955013275,
    0.08038957417011261,
    0.09885166585445404,
    0.11155331879854202,
    0.11799485981464386,
    0.11617013812065125,
    0.06838134676218033,
    0.23242314159870148,
    0.021572597324848175,
    0.07123357057571411,
    0.01766924187541008,
    0.04286598414182663,
    0.018081247806549072,
    0.11481257528066635,
    0.016575887799263,
    0.12900270521640778,
    0.054540928453207016,
    0.06701809167861938,
    0.04270179197192192,
    0.039124228060245514,
    0.08444995433092117,
    0.019237004220485687,
    0.09524713456630707,
    0.0230901837348938,
    0.08113620430231094,
    0.0220060795545578,
    0.10280995070934296,
    0.013506462797522545,
    0.03510202467441559,
    0.0474722646176815,
    0.012038392946124077,
    0.017482031136751175,
    0.02857148088514805,
    0.01820141077041626,
    0.13360868394374847,
    0.0396207794547081,
    0.18333883583545685,
    0.07606487721204758,
    0.05528499558568001,
    0.016556499525904655,
    0.04513811692595482,
    0.03169306367635727,
    0.008652595803141594,
    0.01633293926715851,
    0.02006939798593521,
    0.02396107278764248,
    0.040238164365291595,
    0.01744253560900688,
    0.08272338658571243,
    0.013657385483384132,
    0.012126771733164787,
    0.020240727812051773,
    0.021770058199763298,
    0.010411785915493965,
    0.08756254613399506,
    0.042472753673791885,
    0.05527729541063309,
    0.012646280229091644,
    0.01240767166018486,
    0.010173226706683636,
    0.008174993097782135,
    0.012376923114061356,
    0.1401727795600891,
    0.006831782404333353,
    0.006917645689100027,
    0.010950101539492607,
    0.009604711085557938,
    0.005600085016340017,
    0.09487225115299225,
    0.03894290328025818,
    0.011281517334282398,
    0.013917559757828712,
    0.010346990078687668,
    0.04337739571928978,
    0.005302833393216133,
    0.02026551030576229,
    0.007340365555137396,
    0.013774553313851357,
    0.006234069354832172,
    0.00641021691262722,
    0.1186402291059494,
    0.007296211086213589,
    0.03245299309492111,
    0.09551741182804108
  ]
}