{
  "qat_train": 14.085826173999521,
  "qat_infer": 2.3500755019958888,
  "quantized_infer": 1.5378704190006829
}