{
  "qat_auc": [
    0.9881827042021216,
    0.9892229261161299
  ],
  "quantized_auc": [
    0.9881827042021216,
    0.9892229261161299
  ]
}