{
  "title": "QAT Model Loss",
  "x": [
    1,
    2,
    3,
    4,
    5,
    6,
    7,
    8,
    9,
    10,
    11,
    12,
    13,
    14,
    15,
    16,
    17,
    18,
    19,
    20,
    21,
    22,
    23,
    24,
    25,
    26,
    27,
    28,
    29,
    30,
    31,
    32,
    33,
    34,
    35,
    36,
    37,
    38,
    39,
    40,
    41,
    42,
    43,
    44,
    45,
    46,
    47,
    48,
    49,
    50,
    51,
    52,
    53,
    54,
    55,
    56,
    57,
    58,
    59,
    60,
    61,
    62,
    63,
    64,
    65,
    66,
    67,
    68,
    69,
    70,
    71,
    72,
    73,
    74,
    75,
    76,
    77,
    78,
    79,
    80,
    81,
    82,
    83,
    84,
    85,
    86,
    87,
    88,
    89,
    90,
    91,
    92,
    93,
    94,
    95,
    96,
    97,
    98,
    99,
    100,
    101,
    102,
    103,
    104,
    105,
    106,
    107,
    108,
    109,
    110,
    111,
    112,
    113,
    114,
    115,
    116,
    117,
    118,
    119,
    120,
    121,
    122
  ],
  "y": [
    0.6785621643066406,
    0.6285526156425476,
    0.5308836102485657,
    0.44307100772857666,
    0.507165789604187,
    0.29520750045776367,
    0.3068638741970062,
    0.21030794084072113,
    0.3895820379257202,
    0.34140539169311523,
    0.27178674936294556,
    0.34141990542411804,
    0.3782931864261627,
    0.21450740098953247,
    0.2550719380378723,
    0.1788613498210907,
    0.17589852213859558,
    0.2076246738433838,
    0.0951407253742218,
    0.28437116742134094,
    0.2441737800836563,
    0.10056198388338089,
    0.1267102211713791,
    0.21593785285949707,
    0.045714057981967926,
    0.06567080318927765,
    0.10598751157522202,
    0.2508855164051056,
    0.2884199619293213,
    0.21024376153945923,
    0.10874727368354797,
    0.07959026098251343,
    0.05454541742801666,
    0.04966901242733002,
    0.12221696227788925,
    0.1440870463848114,
    0.12170553207397461,
    0.036769893020391464,
    0.15440556406974792,
    0.14112670719623566,
    0.09462738037109375,
    0.03623579815030098,
    0.08028697222471237,
    0.054741013795137405,
    0.07648620009422302,
    0.06689833104610443,
    0.04744467884302139,
    0.08781957626342773,
    0.014963771216571331,
    0.03641770780086517,
    0.08301739394664764,
    0.13540488481521606,
    0.08065959066152573,
    0.046249572187662125,
    0.05168024078011513,
    0.04943704232573509,
    0.04438428208231926,
    0.09267525374889374,
    0.04993632063269615,
    0.026117855682969093,
    0.07720215618610382,
    0.022684359923005104,
    0.004481982439756393,
    0.013720916584134102,
    0.059153102338314056,
    0.03367025405168533,
    0.07023733854293823,
    0.05042402446269989,
    0.015520073473453522,
    0.10135732591152191,
    0.018208134919404984,
    0.012255443260073662,
    0.023680003359913826,
    0.009972665458917618,
    0.006626069080084562,
    0.09555733948945999,
    0.11573778092861176,
    0.015885820612311363,
    0.05271290987730026,
    0.010098908096551895,
    0.013868218287825584,
    0.07113763689994812,
    0.01917034387588501,
    0.0875055268406868,
    0.023786747828125954,
    0.010789670050144196,
    0.013733966276049614,
    0.014297505840659142,
    0.016509365290403366,
    0.008881157264113426,
    0.009646529331803322,
    0.013573925942182541,
    0.06552731990814209,
    0.02466309443116188,
    0.13430139422416687,
    0.04318297654390335,
    0.00924911629408598,
    0.01555184181779623,
    0.015026824548840523,
    0.014384833164513111,
    0.09916379302740097,
    0.13294802606105804,
    0.007334625348448753,
    0.05448406562209129,
    0.07578089088201523,
    0.012044399976730347,
    0.005657482892274857,
    0.09700116515159607,
    0.024378322064876556,
    0.07555713504552841,
    0.05750603228807449,
    0.11745813488960266,
    0.050192296504974365,
    0.12137393653392792,
    0.01548654492944479,
    0.12947724759578705,
    0.07424166053533554,
    0.06848081946372986,
    0.09891127794981003,
    0.09004078060388565,
    0.020739994943141937,
    0.008075711317360401
  ]
}