{
  "qat_train": 13.977003920001152,
  "qat_infer": 2.1437758179963566,
  "quantized_infer": 1.7936729230023047
}