{
  "qat_auc": [
    0.9884388549437094
  ],
  "quantized_auc": [
    0.9884357311541778
  ]
}