{
  "title": "QAT Model Loss",
  "x": [
    1,
    2,
    3,
    4,
    5,
    6,
    7,
    8,
    9,
    10,
    11,
    12,
    13,
    14,
    15,
    16,
    17,
    18,
    19,
    20,
    21,
    22,
    23,
    24,
    25,
    26,
    27,
    28,
    29,
    30,
    31,
    32,
    33,
    34,
    35,
    36,
    37,
    38,
    39,
    40,
    41,
    42,
    43,
    44,
    45,
    46,
    47,
    48,
    49,
    50,
    51,
    52,
    53,
    54,
    55,
    56,
    57,
    58,
    59,
    60,
    61
  ],
  "y": [
    0.5464795827865601,
    0.7481197118759155,
    0.5465067625045776,
    0.24151384830474854,
    0.43553513288497925,
    0.5103126168251038,
    0.3181407153606415,
    0.2800014019012451,
    0.2257174551486969,
    0.1362927258014679,
    0.08487927913665771,
    0.11034420877695084,
    0.09711318463087082,
    0.14024682343006134,
    0.28092849254608154,
    0.08232519775629044,
    0.4573097825050354,
    0.11442311853170395,
    0.19085030257701874,
    0.1099342554807663,
    0.08889610320329666,
    0.16652104258537292,
    0.19648507237434387,
    0.21855318546295166,
    0.0912930816411972,
    0.11295861005783081,
    0.08231022953987122,
    0.08847780525684357,
    0.08766594529151917,
    0.2208786904811859,
    0.06924117356538773,
    0.04159259796142578,
    0.0595095120370388,
    0.04864606261253357,
    0.018964547663927078,
    0.008538620546460152,
    0.030432123690843582,
    0.22401216626167297,
    0.06292715668678284,
    0.032048098742961884,
    0.08613219857215881,
    0.03019954077899456,
    0.06398943066596985,
    0.011963474564254284,
    0.08084558695554733,
    0.04630838334560394,
    0.017046356573700905,
    0.013823447749018669,
    0.011676253750920296,
    0.05112585425376892,
    0.05766252055764198,
    0.03134143352508545,
    0.024331383407115936,
    0.03660561889410019,
    0.02839783951640129,
    0.030447853729128838,
    0.11668553948402405,
    0.19685155153274536,
    0.2464175671339035,
    0.034674033522605896,
    0.16854602098464966
  ]
}