{
  "qat_train": 7.181195593999291,
  "qat_infer": 1.1787581210010103,
  "quantized_infer": 0.7663132730012876
}