{
  "qat_auc": [
    0.9843685571840912
  ],
  "quantized_auc": [
    0.9843685571840912
  ]
}