{
  "title": "QAT Model Loss",
  "x": [
    1,
    2,
    3,
    4,
    5,
    6,
    7,
    8,
    9,
    10,
    11,
    12,
    13,
    14,
    15,
    16,
    17,
    18,
    19,
    20,
    21,
    22,
    23,
    24,
    25,
    26,
    27,
    28,
    29,
    30,
    31,
    32,
    33,
    34,
    35,
    36,
    37,
    38,
    39,
    40,
    41,
    42,
    43,
    44,
    45,
    46,
    47,
    48,
    49,
    50,
    51,
    52,
    53,
    54,
    55,
    56,
    57,
    58,
    59,
    60,
    61
  ],
  "y": [
    0.6856029629707336,
    1.55690336227417,
    1.5000929832458496,
    0.6030309796333313,
    0.528526782989502,
    0.5445972084999084,
    0.37670525908470154,
    0.30965614318847656,
    0.3228446841239929,
    0.23144984245300293,
    0.25816601514816284,
    0.13060855865478516,
    0.2702694833278656,
    0.23850470781326294,
    0.3670416474342346,
    0.16392666101455688,
    0.2727959454059601,
    0.3907550871372223,
    0.19292987883090973,
    0.157202810049057,
    0.2581619620323181,
    0.36119088530540466,
    0.17014217376708984,
    0.11847402155399323,
    0.22707921266555786,
    0.0570397712290287,
    0.1444208323955536,
    0.15398827195167542,
    0.21146832406520844,
    0.07975580543279648,
    0.26399359107017517,
    0.10469942539930344,
    0.14427845180034637,
    0.11815179139375687,
    0.09342033416032791,
    0.06405049562454224,
    0.01929454877972603,
    0.18186360597610474,
    0.3187921643257141,
    0.13396044075489044,
    0.12868443131446838,
    0.12626415491104126,
    0.24659551680088043,
    0.028285644948482513,
    0.047124702483415604,
    0.07151750475168228,
    0.021858980879187584,
    0.03823729604482651,
    0.06498754024505615,
    0.05387160927057266,
    0.12994614243507385,
    0.07569169998168945,
    0.035821981728076935,
    0.08789031952619553,
    0.06012553349137306,
    0.21691374480724335,
    0.019668810069561005,
    0.03179311752319336,
    0.03427343815565109,
    0.017676163464784622,
    0.048349786549806595
  ]
}