{
  "qat_train": 6.9387505580016295,
  "qat_infer": 1.0667707219981821,
  "quantized_infer": 0.900375733999681
}