{
  "qat_auc": [
    0.9942272369456835,
    0.9941585135759893
  ],
  "quantized_auc": [
    0.9941647611550525,
    0.9942491034724044
  ]
}