{
  "title": "QAT Model Loss",
  "x": [
    1,
    2,
    3,
    4,
    5,
    6,
    7,
    8,
    9,
    10,
    11,
    12,
    13,
    14,
    15,
    16,
    17,
    18,
    19,
    20,
    21,
    22,
    23,
    24,
    25,
    26,
    27,
    28,
    29,
    30,
    31,
    32,
    33,
    34,
    35,
    36,
    37,
    38,
    39,
    40,
    41,
    42,
    43,
    44,
    45,
    46,
    47,
    48,
    49,
    50,
    51,
    52,
    53,
    54,
    55,
    56,
    57,
    58,
    59,
    60,
    61,
    62,
    63,
    64,
    65,
    66,
    67,
    68,
    69,
    70,
    71,
    72,
    73,
    74,
    75,
    76,
    77,
    78,
    79,
    80,
    81,
    82,
    83,
    84,
    85,
    86,
    87,
    88,
    89,
    90,
    91,
    92,
    93,
    94,
    95,
    96,
    97,
    98,
    99,
    100,
    101,
    102,
    103,
    104,
    105,
    106,
    107,
    108,
    109,
    110,
    111,
    112,
    113,
    114,
    115,
    116,
    117,
    118,
    119,
    120,
    121,
    122
  ],
  "y": [
    0.4091070592403412,
    0.4656027555465698,
    0.3178179860115051,
    0.30369946360588074,
    0.189599871635437,
    0.13253134489059448,
    0.18130406737327576,
    0.041560083627700806,
    0.5465474128723145,
    0.015820663422346115,
    0.5090310573577881,
    0.16924990713596344,
    0.09342074394226074,
    0.20246267318725586,
    0.14064547419548035,
    0.05543089658021927,
    0.05392153933644295,
    0.08203242719173431,
    0.08640590310096741,
    0.03850138559937477,
    0.11879592388868332,
    0.14802810549736023,
    0.20680232346057892,
    0.16593970358371735,
    0.0649874284863472,
    0.08525922894477844,
    0.09174984693527222,
    0.03826106712222099,
    0.02381760999560356,
    0.01657716929912567,
    0.095883309841156,
    0.047886669635772705,
    0.13432984054088593,
    0.08376933634281158,
    0.05517314374446869,
    0.026008058339357376,
    0.05612259358167648,
    0.05397212505340576,
    0.01966690644621849,
    0.003340416122227907,
    0.1542934775352478,
    0.23201261460781097,
    0.007156412582844496,
    0.11675218492746353,
    0.09298278391361237,
    0.05213499441742897,
    0.015048358589410782,
    0.08292832225561142,
    0.04767680913209915,
    0.04600069671869278,
    0.03658631443977356,
    0.015789829194545746,
    0.028042936697602272,
    0.04716244712471962,
    0.0377032533288002,
    0.10294117033481598,
    0.01230157446116209,
    0.010537801310420036,
    0.0804700031876564,
    0.022144827991724014,
    0.030733158811926842,
    0.011858558282256126,
    0.009013250470161438,
    0.012890376150608063,
    0.1476626694202423,
    0.021208051592111588,
    0.09557832032442093,
    0.01738385297358036,
    0.05019219219684601,
    0.009000451304018497,
    0.006750785745680332,
    0.009928574785590172,
    0.0061402455903589725,
    0.0842718556523323,
    0.01041230745613575,
    0.0031203576363623142,
    0.015120766125619411,
    0.008042878471314907,
    0.06104826182126999,
    0.00907721184194088,
    0.012429974041879177,
    0.00341029092669487,
    0.012518895789980888,
    0.03671620041131973,
    0.009731286205351353,
    0.007920684292912483,
    0.003962422721087933,
    0.006569042801856995,
    0.009730666875839233,
    0.006246279925107956,
    0.003139073960483074,
    0.004893668927252293,
    0.010111797600984573,
    0.009792008437216282,
    0.0051740435883402824,
    0.001973843201994896,
    0.010632695630192757,
    0.005104376003146172,
    0.021334208548069,
    0.003736594459041953,
    0.008552514016628265,
    0.007632764056324959,
    0.0024993871338665485,
    0.009256547316908836,
    0.01009287778288126,
    0.0050624096766114235,
    0.0016771785449236631,
    0.0025282760616391897,
    0.005308852531015873,
    0.0028965850360691547,
    0.005703338887542486,
    0.0033814453054219484,
    0.004781736060976982,
    0.002501164795830846,
    0.0030679041519761086,
    0.0017476824577897787,
    0.01082299929112196,
    0.004063229542225599,
    0.006402974016964436,
    0.0025704381987452507,
    0.00541942473500967,
    0.05452312156558037
  ]
}