{
  "qat_train": 11.15111941500436,
  "qat_infer": 2.0098927859980904,
  "quantized_infer": 2.2476443280029343
}