{
  "qat_auc": [
    0.7341155302320352,
    0.8780691232147544
  ],
  "quantized_auc": [
    0.7243099548924792,
    0.8656864215116642
  ]
}