{
  "title": "QAT Model Loss",
  "x": [
    1,
    2,
    3,
    4,
    5,
    6,
    7,
    8,
    9,
    10,
    11,
    12,
    13,
    14,
    15,
    16,
    17,
    18,
    19,
    20,
    21,
    22,
    23,
    24,
    25,
    26,
    27,
    28,
    29,
    30,
    31,
    32,
    33,
    34,
    35,
    36,
    37,
    38,
    39,
    40,
    41,
    42,
    43,
    44,
    45,
    46,
    47,
    48,
    49,
    50,
    51,
    52,
    53,
    54,
    55,
    56,
    57,
    58,
    59,
    60,
    61,
    62,
    63,
    64,
    65,
    66,
    67,
    68,
    69,
    70,
    71,
    72,
    73,
    74,
    75,
    76,
    77,
    78,
    79,
    80,
    81,
    82,
    83,
    84,
    85,
    86,
    87,
    88,
    89,
    90,
    91,
    92,
    93,
    94,
    95,
    96,
    97,
    98,
    99,
    100,
    101,
    102,
    103,
    104,
    105,
    106,
    107,
    108,
    109,
    110,
    111,
    112,
    113,
    114,
    115,
    116,
    117,
    118,
    119,
    120,
    121,
    122
  ],
  "y": [
    0.7497752904891968,
    0.6987252235412598,
    0.41397619247436523,
    0.46579182147979736,
    0.5006356239318848,
    0.4706779718399048,
    0.32827115058898926,
    0.29617080092430115,
    0.48728612065315247,
    0.20051974058151245,
    0.4391021728515625,
    0.40058135986328125,
    0.4375596344470978,
    0.38994574546813965,
    0.38111186027526855,
    0.410824716091156,
    0.40653935074806213,
    0.3808383345603943,
    0.4098550081253052,
    0.43574270606040955,
    0.4377967119216919,
    0.4829319715499878,
    0.28032857179641724,
    0.38738352060317993,
    0.4848593473434448,
    0.37953993678092957,
    0.2926998436450958,
    0.619938850402832,
    0.3763522803783417,
    0.4070360064506531,
    0.4065690338611603,
    0.43823546171188354,
    0.4086936116218567,
    0.4045788049697876,
    0.4333305358886719,
    0.3232734501361847,
    0.26704782247543335,
    0.3767361342906952,
    0.4059804081916809,
    0.34532204270362854,
    0.31511545181274414,
    0.46518880128860474,
    0.34524574875831604,
    0.4712841510772705,
    0.43859484791755676,
    0.4670136570930481,
    0.37155354022979736,
    0.4033845067024231,
    0.3765636682510376,
    0.3709723949432373,
    0.4580382704734802,
    0.3713458180427551,
    0.37887799739837646,
    0.37161383032798767,
    0.37530359625816345,
    0.39277976751327515,
    0.39717650413513184,
    0.3406548500061035,
    0.36529943346977234,
    0.4754781424999237,
    0.24599461257457733,
    0.42997050285339355,
    0.388561487197876,
    0.2886480987071991,
    0.4497188329696655,
    0.24756984412670135,
    0.3758208453655243,
    0.2252151072025299,
    0.2859483063220978,
    0.4565686285495758,
    0.3318883776664734,
    0.30473655462265015,
    0.3610766530036926,
    0.3573712110519409,
    0.3373166024684906,
    0.35731059312820435,
    0.30094408988952637,
    0.3753199279308319,
    0.42206668853759766,
    0.40673524141311646,
    0.32827261090278625,
    0.3758815824985504,
    0.32407116889953613,
    0.4619894027709961,
    0.2673647403717041,
    0.20363880693912506,
    0.33996328711509705,
    0.19505533576011658,
    0.34645751118659973,
    0.3114549517631531,
    0.48582324385643005,
    0.3454742431640625,
    0.24450883269309998,
    0.22646360099315643,
    0.30246782302856445,
    0.1743236780166626,
    0.274037629365921,
    0.34110909700393677,
    0.26733583211898804,
    0.42146313190460205,
    0.2305351197719574,
    0.39118891954421997,
    0.3406675457954407,
    0.25708281993865967,
    0.3819521963596344,
    0.31994396448135376,
    0.33933475613594055,
    0.29473167657852173,
    0.2588537931442261,
    0.39544469118118286,
    0.4029264450073242,
    0.2795008420944214,
    0.30859434604644775,
    0.2282298058271408,
    0.35198551416397095,
    0.20042161643505096,
    0.40236610174179077,
    0.24737736582756042,
    0.29849839210510254,
    0.3354052007198334,
    0.30126386880874634,
    0.31399405002593994
  ]
}