{
  "qat_train": 18.46292005400028,
  "qat_infer": 2.4089399939985014,
  "quantized_infer": 1.8985147449966462
}