{
  "qat_auc": [
    0.9547925178993141,
    0.9686777623670827
  ],
  "quantized_auc": [
    0.9566011920380852,
    0.9681623370943759
  ]
}