{
  "title": "QAT Model Loss",
  "x": [
    1,
    2,
    3,
    4,
    5,
    6,
    7,
    8,
    9,
    10,
    11,
    12,
    13,
    14,
    15,
    16,
    17,
    18,
    19,
    20,
    21,
    22,
    23,
    24,
    25,
    26,
    27,
    28,
    29,
    30,
    31,
    32,
    33,
    34,
    35,
    36,
    37,
    38,
    39,
    40,
    41,
    42,
    43,
    44,
    45,
    46,
    47,
    48,
    49,
    50,
    51,
    52,
    53,
    54,
    55,
    56,
    57,
    58,
    59,
    60,
    61,
    62,
    63,
    64,
    65,
    66,
    67,
    68,
    69,
    70,
    71,
    72,
    73,
    74,
    75,
    76,
    77,
    78,
    79,
    80,
    81,
    82,
    83,
    84,
    85,
    86,
    87,
    88,
    89,
    90,
    91,
    92,
    93,
    94,
    95,
    96,
    97,
    98,
    99,
    100,
    101,
    102,
    103,
    104,
    105,
    106,
    107,
    108,
    109,
    110,
    111,
    112,
    113,
    114,
    115,
    116,
    117,
    118,
    119,
    120,
    121,
    122
  ],
  "y": [
    0.7413455247879028,
    0.649103045463562,
    0.5316610336303711,
    0.4562593102455139,
    0.5612280964851379,
    0.3289581537246704,
    0.5571024417877197,
    0.6579879522323608,
    0.3102571368217468,
    0.6095155477523804,
    0.5370064973831177,
    0.26519647240638733,
    0.44131308794021606,
    0.43326854705810547,
    0.4214973449707031,
    0.46962958574295044,
    0.3903712034225464,
    0.4933355450630188,
    0.4536481499671936,
    0.4243876338005066,
    0.39592957496643066,
    0.4496791958808899,
    0.44816502928733826,
    0.38218954205513,
    0.3921424150466919,
    0.3277443051338196,
    0.32632213830947876,
    0.4325297772884369,
    0.4417925775051117,
    0.3482584059238434,
    0.3882322311401367,
    0.2923473119735718,
    0.3418506979942322,
    0.3466251492500305,
    0.3044400215148926,
    0.2546968162059784,
    0.35359010100364685,
    0.2532685399055481,
    0.26804524660110474,
    0.26932063698768616,
    0.2011856883764267,
    0.24790769815444946,
    0.20938199758529663,
    0.40818530321121216,
    0.3145483136177063,
    0.21075445413589478,
    0.2796950936317444,
    0.2040720283985138,
    0.2563630938529968,
    0.17427682876586914,
    0.3178862929344177,
    0.24753323197364807,
    0.19347824156284332,
    0.22293999791145325,
    0.2154187560081482,
    0.1435827612876892,
    0.22964294254779816,
    0.2531636357307434,
    0.16071435809135437,
    0.12166363000869751,
    0.2110275775194168,
    0.15645018219947815,
    0.09277138113975525,
    0.21767926216125488,
    0.12285426259040833,
    0.11572921276092529,
    0.13533473014831543,
    0.11416548490524292,
    0.12303608655929565,
    0.17086051404476166,
    0.11019597202539444,
    0.12598693370819092,
    0.17077377438545227,
    0.17325153946876526,
    0.3367864787578583,
    0.12711282074451447,
    0.09067246317863464,
    0.21173560619354248,
    0.15680809319019318,
    0.21356159448623657,
    0.15721774101257324,
    0.09213316440582275,
    0.1588350236415863,
    0.06782934069633484,
    0.14796662330627441,
    0.05394934117794037,
    0.21949580311775208,
    0.14403116703033447,
    0.1565103381872177,
    0.12853765487670898,
    0.18471303582191467,
    0.10262879729270935,
    0.12475518137216568,
    0.14440539479255676,
    0.14225102961063385,
    0.08261726051568985,
    0.10582035034894943,
    0.0963970422744751,
    0.18519681692123413,
    0.1290532648563385,
    0.10930736362934113,
    0.08542134612798691,
    0.13162605464458466,
    0.19176864624023438,
    0.1326380968093872,
    0.10001491755247116,
    0.10166902840137482,
    0.0597313717007637,
    0.2316131889820099,
    0.12175017595291138,
    0.21606922149658203,
    0.1714971363544464,
    0.11035695672035217,
    0.08912962675094604,
    0.11125373840332031,
    0.09956350922584534,
    0.3354513347148895,
    0.09290547668933868,
    0.08936604857444763,
    0.09838961064815521,
    0.08494012802839279,
    0.1564035266637802
  ]
}