{
  "qat_train": 18.177342976003274,
  "qat_infer": 2.390443812997546,
  "quantized_infer": 1.878396034000616
}