{
  "qat_auc": [
    0.9834126775874348,
    0.987454861241269
  ],
  "quantized_auc": [
    0.9842029963389187,
    0.9872237008159339
  ]
}