{
  "title": "QAT Model Loss",
  "x": [
    1,
    2,
    3,
    4,
    5,
    6,
    7,
    8,
    9,
    10,
    11,
    12,
    13,
    14,
    15,
    16,
    17,
    18,
    19,
    20,
    21,
    22,
    23,
    24,
    25,
    26,
    27,
    28,
    29,
    30,
    31,
    32,
    33,
    34,
    35,
    36,
    37,
    38,
    39,
    40,
    41,
    42,
    43,
    44,
    45,
    46,
    47,
    48,
    49,
    50,
    51,
    52,
    53,
    54,
    55,
    56,
    57,
    58,
    59,
    60,
    61,
    62,
    63,
    64,
    65,
    66,
    67,
    68,
    69,
    70,
    71,
    72,
    73,
    74,
    75,
    76,
    77,
    78,
    79,
    80,
    81,
    82,
    83,
    84,
    85,
    86,
    87,
    88,
    89,
    90,
    91,
    92,
    93,
    94,
    95,
    96,
    97,
    98,
    99,
    100,
    101,
    102,
    103,
    104,
    105,
    106,
    107,
    108,
    109,
    110,
    111,
    112,
    113,
    114,
    115,
    116,
    117,
    118,
    119,
    120,
    121,
    122
  ],
  "y": [
    0.7510165572166443,
    0.4457295835018158,
    0.3121889531612396,
    0.36187970638275146,
    0.42194926738739014,
    0.40638256072998047,
    0.40844786167144775,
    0.45228564739227295,
    0.31035810708999634,
    0.36851513385772705,
    0.3792300224304199,
    0.37274879217147827,
    0.4610660970211029,
    0.33326390385627747,
    0.4170711636543274,
    0.31699705123901367,
    0.4833310842514038,
    0.4215582311153412,
    0.4128580689430237,
    0.2803628742694855,
    0.29441171884536743,
    0.1406686156988144,
    0.3014421761035919,
    0.3388465344905853,
    0.3654356598854065,
    0.2413962185382843,
    0.44309860467910767,
    0.1638796627521515,
    0.41470086574554443,
    0.262966513633728,
    0.2386673390865326,
    0.3257818818092346,
    0.13199642300605774,
    0.31759408116340637,
    0.1297680288553238,
    0.2695939242839813,
    0.20234651863574982,
    0.22223831713199615,
    0.17772804200649261,
    0.1297033280134201,
    0.2555736005306244,
    0.15111792087554932,
    0.13944001495838165,
    0.12657977640628815,
    0.12107085436582565,
    0.02952108345925808,
    0.10996520519256592,
    0.15456584095954895,
    0.1900022029876709,
    0.1156117171049118,
    0.14846652746200562,
    0.2466684877872467,
    0.17345118522644043,
    0.09482618421316147,
    0.19788014888763428,
    0.11825736612081528,
    0.23980215191841125,
    0.29013535380363464,
    0.2771155834197998,
    0.11886174231767654,
    0.2553364038467407,
    0.12336428463459015,
    0.16493836045265198,
    0.1869576871395111,
    0.12376780807971954,
    0.038508545607328415,
    0.1541663557291031,
    0.0720561146736145,
    0.14267098903656006,
    0.20383581519126892,
    0.07732978463172913,
    0.01906052604317665,
    0.03522265702486038,
    0.09505748748779297,
    0.11699225753545761,
    0.12098494917154312,
    0.045327965170145035,
    0.08468624949455261,
    0.08141297847032547,
    0.08563092350959778,
    0.039258308708667755,
    0.05294934660196304,
    0.08570872247219086,
    0.044392358511686325,
    0.09656369686126709,
    0.09571195393800735,
    0.12621158361434937,
    0.043213482946157455,
    0.10963191092014313,
    0.16957226395606995,
    0.0988464206457138,
    0.14022327959537506,
    0.04981271177530289,
    0.04485679045319557,
    0.10189113765954971,
    0.047757066786289215,
    0.01378302276134491,
    0.07859645038843155,
    0.02753375470638275,
    0.08769507706165314,
    0.11501531302928925,
    0.07363057881593704,
    0.059355489909648895,
    0.051033634692430496,
    0.12206044793128967,
    0.07320024818181992,
    0.049459345638751984,
    0.04361508786678314,
    0.024534128606319427,
    0.011106370948255062,
    0.20248034596443176,
    0.1392441838979721,
    0.02516334131360054,
    0.10156241804361343,
    0.017637593671679497,
    0.06121274083852768,
    0.03390803188085556,
    0.04355483874678612,
    0.02931816503405571,
    0.11767064034938812,
    0.08074609935283661,
    0.07291634380817413
  ]
}