{
  "qat_train": 18.308129361001193,
  "qat_infer": 2.3962623810002697,
  "quantized_infer": 1.8841235789986968
}